videoId,title,description,publishedAt,tags,categoryId,defaultLanguage,defaultAudioLanguage,thumbnails,duration,viewCount,likeCount,commentCount,privacyStatus,channel_id,channel_title,channel_description,channel_country,channel_thumbnail,subscriberCount,videoCount
wG-o4rk_W64,they said moving to japan was a mistake..,Get exclusive NordVPN deal here âµ https://NordVPN.com/pewdiepie Itâ€™s risk free with Nordâ€™s 30 day money-back guarantee!âœŒ  Use code pewdiepie at https://incogni.com/pewdiepie to get an exclusive 60% off.  CHECK OUT MERTZ BOOK: http://www.bjornybearworld.com/  A special thank you to  @LofiGirl    for their musical contribution: https://bit.ly/m/lofi-girl?=lofigirlxpewdiepieandmarzia Check out our favorite picks: https://open.spotify.com/playlist/6vi97cl0UZD8MZo9kw7zRk  ğŸŒ Get an exclusive 15% discount on Saily data plans! Use code pewdiepie at checkout. Download Saily app or go to https://saily.com/pewdiepie â›µ,2025-09-18 11:08:15+00:00,pewdiepie|pewds|pewdie,20,en-US,en-GB,https://i.ytimg.com/vi/wG-o4rk_W64/default.jpg,PT32M28S,1032378,67496,3643,public,UC-lHJZR3Gqxm24_Vd_AJ5Yw,PewDiePie,I make videos.,JP,https://yt3.ggpht.com/vik8mAiwHQbXiFyKfZ3__p55_VBdGvwxPpuPJBBwdbF0PjJxikXhrP-C3nLQAMAxGNd_-xQCIg=s88-c-k-c0x00ffffff-no-rj,110000000,4649
2JzOe1Hs26Q,Accidentally Built a Nuclear Supercomputer.,#ad - THE NEW G FUEL FORMULA ğŸ‘‰ https://gfuel.ly/pdp-new-formula  ğŸŒ Get an exclusive 15% discount on Saily data plans! Use code pewdiepie at checkout. Download Saily app or go to https://saily.com/pewdiepie â›µ,2025-08-21 17:00:06+00:00,pewdiepie|pewds|pewdie,20,en-US,en-GB,https://i.ytimg.com/vi/2JzOe1Hs26Q/default.jpg,PT25M48S,2259809,174992,9757,public,UC-lHJZR3Gqxm24_Vd_AJ5Yw,PewDiePie,I make videos.,JP,https://yt3.ggpht.com/vik8mAiwHQbXiFyKfZ3__p55_VBdGvwxPpuPJBBwdbF0PjJxikXhrP-C3nLQAMAxGNd_-xQCIg=s88-c-k-c0x00ffffff-no-rj,110000000,4649
4T4AoXFDcD8,Can we make it back home?,Get exclusive NordVPN deal here âµ https://NordVPN.com/pewdiepie Itâ€™s risk free with Nordâ€™s 30 day money-back guarantee!âœŒAD  Use code pewdiepie at https://incogni.com/pewdiepie to get an exclusive 60% off.   A special thank you to @LofiGirl  for their musical contribution: https://bit.ly/m/lofi-girl?=lofigirlxpewdiepieandmarzia Check out our favorite picks: https://open.spotify.com/playlist/6vi97cl0UZD8MZo9kw7zRk,2025-08-09 17:00:09+00:00,pewdiepie|pewds|pewdie,20,en-US,en-GB,https://i.ytimg.com/vi/4T4AoXFDcD8/default.jpg,PT24M48S,1105207,64624,3340,public,UC-lHJZR3Gqxm24_Vd_AJ5Yw,PewDiePie,I make videos.,JP,https://yt3.ggpht.com/vik8mAiwHQbXiFyKfZ3__p55_VBdGvwxPpuPJBBwdbF0PjJxikXhrP-C3nLQAMAxGNd_-xQCIg=s88-c-k-c0x00ffffff-no-rj,110000000,4649
yzSBeCJfhkw,The greatest game of GeoGuessr..,THANK YOU TO GEOGUESSR FOR SPONSORING THE VIDEO! Make sure to check out my challenge link & try to beat my World map score: https://www.geoguessr.com/challenge/u1VQm75ISdEMNr2Q  #ad   Rainbolt https://www.youtube.com/@georainbolt Ken  https://www.youtube.com/CinnamonToastKen,2025-07-27 16:40:55+00:00,pewdiepie|pewds|pewdie,20,en-US,en-GB,https://i.ytimg.com/vi/yzSBeCJfhkw/default.jpg,PT32M59S,3299002,203653,6567,public,UC-lHJZR3Gqxm24_Vd_AJ5Yw,PewDiePie,I make videos.,JP,https://yt3.ggpht.com/vik8mAiwHQbXiFyKfZ3__p55_VBdGvwxPpuPJBBwdbF0PjJxikXhrP-C3nLQAMAxGNd_-xQCIg=s88-c-k-c0x00ffffff-no-rj,110000000,4649
MhRGfNkw3Vo,This Hit Different This Yearâ€¦ ğŸ‡¸ğŸ‡ª,"ğŸŒ Get an exclusive 15% discount on Saily data plans! Use code pewdiepie at checkout. Download Saily app or go to https://saily.com/pewdiepie â›µ   Get exclusive NordVPN deal here âµ https://NordVPN.com/pewdiepie Itâ€™s risk free with Nordâ€™s 30 day money-back guarantee!âœŒ  ğŸ“° Get ""The Kjellberg Mail"" (family newsletter w Mertz): https://the-kjellberg-mail.beehiiv.com/p/july  Stock Up On â¡ï¸ğŸ¥¤Gfuel (affiliate): https://affiliateshop.gfuel.com/pewdiepie #Code #Pewdiepie  Get exclusive NordVPN deal here âµ https://NordVPN.com/pewdiepie Itâ€™s risk free with Nordâ€™s 30 day money-back guarantee!âœŒ  ğŸŒ Get an exclusive 15% discount on Saily data plans! Use code pewdiepie at checkout. Download Saily app or go to https://saily.com/pewdiepie â›µ  Official Æ¿à«¯Ï‰áƒ«É¿à«¯Æ¿É¿à«¯ TikTok: https://www.tiktok.com/@pewdiepie  âˆ Official Æ¿à«¯Ï‰áƒ«É¿à«¯Æ¿É¿à«¯ Infinity Stream: https://www.twitch.tv/pewdiepie  âš™ï¸ My Setup (affiliate links)âš™ï¸ ğŸ–¥ï¸  PC: https://howl.me/clHcdRoIePi ğŸ§ Headphones: https://www.anrdoezrs.net/click-100814745-14330447 ğŸª‘ Chair: https://tinyurl.com/clutchpdp âŒ¨ï¸ ğŸ–±ï¸ Keyboard & Mouse: https://tinyurl.com/ghostpdp",2025-07-18 15:45:03+00:00,pewdiepie|pewds|pewdie,20,en-US,en-GB,https://i.ytimg.com/vi/MhRGfNkw3Vo/default.jpg,PT34M22S,1849790,97750,4180,public,UC-lHJZR3Gqxm24_Vd_AJ5Yw,PewDiePie,I make videos.,JP,https://yt3.ggpht.com/vik8mAiwHQbXiFyKfZ3__p55_VBdGvwxPpuPJBBwdbF0PjJxikXhrP-C3nLQAMAxGNd_-xQCIg=s88-c-k-c0x00ffffff-no-rj,110000000,4649
u_Lxkt50xOg,I'm DONE withÂ Google,"#ad - Shop G FUEL https://gfuel.ly/pdp-cb  ğŸŒ Get an exclusive 15% discount on Saily data plans! Use code pewdiepie at checkout. Download Saily app or go to https://saily.com/pewdiepie â›µ  ğŸ§#SubscribeğŸ§  ğŸ“° Get ""The Kjellberg Mail"" (family newsletter w Mertz): https://the-kjellberg-mail.beehiiv.com/p/july  Get exclusive NordVPN deal here âµ https://NordVPN.com/pewdiepie Itâ€™s risk free with Nordâ€™s 30 day money-back guarantee!âœŒ  Official Æ¿à«¯Ï‰áƒ«É¿à«¯Æ¿É¿à«¯ TikTok: https://www.tiktok.com/@pewdiepie  âˆ Official Æ¿à«¯Ï‰áƒ«É¿à«¯Æ¿É¿à«¯ Infinity Stream: https://www.twitch.tv/pewdiepie",2025-06-26 19:01:01+00:00,pewdiepie|pewds|pewdie,24,en-US,en-GB,https://i.ytimg.com/vi/u_Lxkt50xOg/default.jpg,PT23M40S,6779704,535612,31426,public,UC-lHJZR3Gqxm24_Vd_AJ5Yw,PewDiePie,I make videos.,JP,https://yt3.ggpht.com/vik8mAiwHQbXiFyKfZ3__p55_VBdGvwxPpuPJBBwdbF0PjJxikXhrP-C3nLQAMAxGNd_-xQCIg=s88-c-k-c0x00ffffff-no-rj,110000000,4649
4uqo-brP3xs,This Trip Was NOT What We Planned,"Get exclusive NordVPN deal here âµ https://NordVPN.com/pewdiepie Itâ€™s risk free with Nordâ€™s 30 day money-back guarantee!âœŒ   ğŸ“° Get ""The Kjellberg Mail"" (family newsletter w Mertz): https://the-kjellberg-mail.beehiiv.com/p/july  Stock Up On â¡ï¸ğŸ¥¤Gfuel (affiliate): https://affiliateshop.gfuel.com/pewdiepie #Code #Pewdiepie  Get exclusive NordVPN deal here âµ https://NordVPN.com/pewdiepie Itâ€™s risk free with Nordâ€™s 30 day money-back guarantee!âœŒ  ğŸŒ Get an exclusive 15% discount on Saily data plans! Use code pewdiepie at checkout. Download Saily app or go to https://saily.com/pewdiepie â›µ  Official Æ¿à«¯Ï‰áƒ«É¿à«¯Æ¿É¿à«¯ TikTok: https://www.tiktok.com/@pewdiepie  âˆ Official Æ¿à«¯Ï‰áƒ«É¿à«¯Æ¿É¿à«¯ Infinity Stream: https://www.twitch.tv/pewdiepie  âš™ï¸ My Setup (affiliate links)âš™ï¸ ğŸ–¥ï¸  PC: https://howl.me/clHcdRoIePi ğŸ§ Headphones: https://www.anrdoezrs.net/click-100814745-14330447 ğŸª‘ Chair: https://tinyurl.com/clutchpdp âŒ¨ï¸ ğŸ–±ï¸ Keyboard & Mouse: https://tinyurl.com/ghostpdp",2025-06-15 01:45:01+00:00,pewdiepie|pewds|pewdie,20,en-US,en-GB,https://i.ytimg.com/vi/4uqo-brP3xs/default.jpg,PT32M19S,1680002,79063,3635,public,UC-lHJZR3Gqxm24_Vd_AJ5Yw,PewDiePie,I make videos.,JP,https://yt3.ggpht.com/vik8mAiwHQbXiFyKfZ3__p55_VBdGvwxPpuPJBBwdbF0PjJxikXhrP-C3nLQAMAxGNd_-xQCIg=s88-c-k-c0x00ffffff-no-rj,110000000,4649
pgeTa1PV_40,Presenting my Billion Dollar Plan...,"#ad Use code pewdiepie at https://incogni.com/pewdiepie to get an exclusive 60% off.  ğŸŒ ğŸŒGet an exclusive 15% discount on Saily data plans! Use code pewdiepie at checkout. Download Saily app or go to https://saily.com/pewdiepie â›µ  ğŸ§#SubscribeğŸ§  ğŸ“° Get ""The Kjellberg Mail"" (family newsletter w Mertz): https://the-kjellberg-mail.beehiiv.com/p/july  Stock Up On â¡ï¸ğŸ¥¤Gfuel (affiliate): https://affiliateshop.gfuel.com/pewdiepie #Code #Pewdiepie  Get exclusive NordVPN deal here âµ https://NordVPN.com/pewdiepie Itâ€™s risk free with Nordâ€™s 30 day money-back guarantee!âœŒ  Official Æ¿à«¯Ï‰áƒ«É¿à«¯Æ¿É¿à«¯ TikTok: https://www.tiktok.com/@pewdiepie  âˆ Official Æ¿à«¯Ï‰áƒ«É¿à«¯Æ¿É¿à«¯ Infinity Stream: https://www.twitch.tv/pewdiepie  âš™ï¸ My Setup (affiliate links)âš™ï¸ ğŸ–¥ï¸  PC: https://howl.me/clHcdRoIePi ğŸ§ Headphones: https://www.anrdoezrs.net/click-100814745-14330447 ğŸª‘ Chair: https://tinyurl.com/clutchpdp âŒ¨ï¸ ğŸ–±ï¸ Keyboard & Mouse: https://tinyurl.com/ghostpdp",2025-05-28 15:20:03+00:00,pewdiepie|pewds|pewdie,24,en-US,en-GB,https://i.ytimg.com/vi/pgeTa1PV_40/default.jpg,PT22M25S,3320086,237515,10699,public,UC-lHJZR3Gqxm24_Vd_AJ5Yw,PewDiePie,I make videos.,JP,https://yt3.ggpht.com/vik8mAiwHQbXiFyKfZ3__p55_VBdGvwxPpuPJBBwdbF0PjJxikXhrP-C3nLQAMAxGNd_-xQCIg=s88-c-k-c0x00ffffff-no-rj,110000000,4649
qGXtMENJDps,Cycle across Japan!,â¡ï¸ğŸ¥¤Gfuel (ad): https://creator.gfuel.com/bogo-pewdiepie   Get exclusive NordVPN deal here âµ https://NordVPN.com/pewdiepie Itâ€™s risk free with Nordâ€™s 30 day money-back guarantee!âœŒ  Official Æ¿à«¯Ï‰áƒ«É¿à«¯Æ¿É¿à«¯ TikTok: https://www.tiktok.com/@pewdiepie  âˆ Official Æ¿à«¯Ï‰áƒ«É¿à«¯Æ¿É¿à«¯ Infinity Stream: https://www.twitch.tv/pewdiepie  âš™ï¸ My Setup (affiliate links)âš™ï¸ ğŸª‘ Chair: https://tinyurl.com/clutchpdp âŒ¨ï¸ ğŸ–±ï¸ Keyboard & Mouse: https://tinyurl.com/ghostpdp,2025-05-16 01:15:06+00:00,pewdiepie|pewds|pewdie,20,en-US,en-GB,https://i.ytimg.com/vi/qGXtMENJDps/default.jpg,PT32M3S,1299047,68815,2947,public,UC-lHJZR3Gqxm24_Vd_AJ5Yw,PewDiePie,I make videos.,JP,https://yt3.ggpht.com/vik8mAiwHQbXiFyKfZ3__p55_VBdGvwxPpuPJBBwdbF0PjJxikXhrP-C3nLQAMAxGNd_-xQCIg=s88-c-k-c0x00ffffff-no-rj,110000000,4649
pVI_smLgTY0,I installed Linux (so shouldÂ you),"#ad - Shop Gfuel sale: https://creator.gfuel.com/pewdiepie   ğŸ§#SubscribeğŸ§  ğŸŒ Get an exclusive 15% discount on Saily data plans! Use code pewdiepie at checkout. Download Saily app or go to https://saily.com/pewdiepie â›µ  ğŸ“° Get ""The Kjellberg Mail"" (family newsletter w Mertz): https://the-kjellberg-mail.beehiiv.com/p/july  Stock Up On â¡ï¸ğŸ¥¤Gfuel (affiliate): https://affiliateshop.gfuel.com/pewdiepie #Code #Pewdiepie  Get exclusive NordVPN deal here âµ https://NordVPN.com/pewdiepie Itâ€™s risk free with Nordâ€™s 30 day money-back guarantee!âœŒ  Official Æ¿à«¯Ï‰áƒ«É¿à«¯Æ¿É¿à«¯ TikTok: https://www.tiktok.com/@pewdiepie  âˆ Official Æ¿à«¯Ï‰áƒ«É¿à«¯Æ¿É¿à«¯ Infinity Stream: https://www.twitch.tv/pewdiepie  âš™ï¸ My Setup (affiliate links)âš™ï¸ ğŸ–¥ï¸  PC: https://howl.me/clHcdRoIePi ğŸ§ Headphones: https://www.anrdoezrs.net/click-100814745-14330447 ğŸª‘ Chair: https://tinyurl.com/clutchpdp âŒ¨ï¸ ğŸ–±ï¸ Keyboard & Mouse: https://tinyurl.com/ghostpdp",2025-04-26 21:29:28+00:00,pewdiepie|pewds|pewdie,20,en-US,en-GB,https://i.ytimg.com/vi/pVI_smLgTY0/default.jpg,PT22M53S,6765869,337274,24908,public,UC-lHJZR3Gqxm24_Vd_AJ5Yw,PewDiePie,I make videos.,JP,https://yt3.ggpht.com/vik8mAiwHQbXiFyKfZ3__p55_VBdGvwxPpuPJBBwdbF0PjJxikXhrP-C3nLQAMAxGNd_-xQCIg=s88-c-k-c0x00ffffff-no-rj,110000000,4649
tMIDpbmFoL8,We bought Land in Japan,"ğŸŒ Get an exclusive 15% discount on Saily data plans! Use code pewdiepie at checkout. Download Saily app or go to https://saily.com/pewdiepie â›µ     ğŸ“° Get ""The Kjellberg Mail"" (family newsletter w Mertz): https://the-kjellberg-mail.beehiiv.com/p/july  Stock Up On â¡ï¸ğŸ¥¤Gfuel (affiliate): https://affiliateshop.gfuel.com/pewdiepie #Code #Pewdiepie  Get exclusive NordVPN deal here âµ https://NordVPN.com/pewdiepie Itâ€™s risk free with Nordâ€™s 30 day money-back guarantee!âœŒ  ğŸŒ Get an exclusive 15% discount on Saily data plans! Use code pewdiepie at checkout. Download Saily app or go to https://saily.com/pewdiepie â›µ  Official Æ¿à«¯Ï‰áƒ«É¿à«¯Æ¿É¿à«¯ TikTok: https://www.tiktok.com/@pewdiepie  âˆ Official Æ¿à«¯Ï‰áƒ«É¿à«¯Æ¿É¿à«¯ Infinity Stream: https://www.twitch.tv/pewdiepie  âš™ï¸ My Setup (affiliate links)âš™ï¸ ğŸ–¥ï¸  PC: https://howl.me/clHcdRoIePi ğŸ§ Headphones: https://www.anrdoezrs.net/click-100814745-14330447 ğŸª‘ Chair: https://tinyurl.com/clutchpdp âŒ¨ï¸ ğŸ–±ï¸ Keyboard & Mouse: https://tinyurl.com/ghostpdp  ğŸ‘Ÿ Sneakers: https://howl.me/clHccGkb0M4  ğŸ•¹ï¸ PewDiePie's Tuber Simulator iOS: https://tinyurl.com/tuberIOS Android: https://tinyurl.com/tuberandroid  ğŸ•¹ï¸ PewDiePie's Pixelings iOS: https://tinyurl.com/pixelingsiOS Android: https://tinyurl.com/pixelingsandroid",2025-04-11 17:01:10+00:00,pewdiepie|pewds|pewdie,20,en-US,en-GB,https://i.ytimg.com/vi/tMIDpbmFoL8/default.jpg,PT41M55S,4182677,194032,7550,public,UC-lHJZR3Gqxm24_Vd_AJ5Yw,PewDiePie,I make videos.,JP,https://yt3.ggpht.com/vik8mAiwHQbXiFyKfZ3__p55_VBdGvwxPpuPJBBwdbF0PjJxikXhrP-C3nLQAMAxGNd_-xQCIg=s88-c-k-c0x00ffffff-no-rj,110000000,4649
iphxJqWZX1Y,30 Day Dream Challenge.,"Use code pewdiepie at https://incogni.com/pewdiepie to get an exclusive 60% off an annual IncogniÂ plan.Â #ad  ğŸ§#SubscribeğŸ§  ğŸ“° Get ""The Kjellberg Mail"" (family newsletter w Mertz): https://the-kjellberg-mail.beehiiv.com/p/july  Stock Up On â¡ï¸ğŸ¥¤Gfuel (affiliate): https://affiliateshop.gfuel.com/pewdiepie #Code #Pewdiepie  Get exclusive NordVPN deal here âµ https://NordVPN.com/pewdiepie Itâ€™s risk free with Nordâ€™s 30 day money-back guarantee!âœŒ  ğŸŒ Get an exclusive 15% discount on Saily data plans! Use code pewdiepie at checkout. Download Saily app or go to https://saily.com/pewdiepie â›µ  Official Æ¿à«¯Ï‰áƒ«É¿à«¯Æ¿É¿à«¯ TikTok: https://www.tiktok.com/@pewdiepie  âˆ Official Æ¿à«¯Ï‰áƒ«É¿à«¯Æ¿É¿à«¯ Infinity Stream: https://www.twitch.tv/pewdiepie  âš™ï¸ My Setup (affiliate links)âš™ï¸ ğŸ–¥ï¸  PC: https://howl.me/clHcdRoIePi ğŸ§ Headphones: https://www.anrdoezrs.net/click-100814745-14330447 ğŸª‘ Chair: https://tinyurl.com/clutchpdp âŒ¨ï¸ ğŸ–±ï¸ Keyboard & Mouse: https://tinyurl.com/ghostpdp  ğŸ‘Ÿ Sneakers: https://howl.me/clHccGkb0M4  ğŸ•¹ï¸ PewDiePie's Tuber Simulator iOS: https://tinyurl.com/tuberIOS Android: https://tinyurl.com/tuberandroid  ğŸ•¹ï¸ PewDiePie's Pixelings iOS: https://tinyurl.com/pixelingsiOS Android: https://tinyurl.com/pixelingsandroid",2025-03-31 17:40:07+00:00,pewdiepie|pewds|pewdie,24,en-US,en-GB,https://i.ytimg.com/vi/iphxJqWZX1Y/default.jpg,PT14M17S,1294968,101361,5168,public,UC-lHJZR3Gqxm24_Vd_AJ5Yw,PewDiePie,I make videos.,JP,https://yt3.ggpht.com/vik8mAiwHQbXiFyKfZ3__p55_VBdGvwxPpuPJBBwdbF0PjJxikXhrP-C3nLQAMAxGNd_-xQCIg=s88-c-k-c0x00ffffff-no-rj,110000000,4649
UDVOuh-LDx8,We finally decided.,Get exclusive NordVPN deal here âµ https://NordVPN.com/pewdiepie Itâ€™s risk free with Nordâ€™s 30 day money-back guarantee!âœŒ  ğŸŒ Get an exclusive 15% discount on Saily data plans! Use code pewdiepie at checkout. Download Saily app or go to https://saily.com/pewdiepie â›µ  Official Æ¿à«¯Ï‰áƒ«É¿à«¯Æ¿É¿à«¯ TikTok: https://www.tiktok.com/@pewdiepie  âˆ Official Æ¿à«¯Ï‰áƒ«É¿à«¯Æ¿É¿à«¯ Infinity Stream: https://www.twitch.tv/pewdiepie  âš™ï¸ My Setup (affiliate links)âš™ï¸ ğŸ–¥ï¸  PC: https://howl.me/clHcdRoIePi ğŸ§ Headphones: https://www.anrdoezrs.net/click-100814745-14330447 ğŸª‘ Chair: https://tinyurl.com/clutchpdp âŒ¨ï¸ ğŸ–±ï¸ Keyboard & Mouse: https://tinyurl.com/ghostpdp  ğŸ‘Ÿ Sneakers: https://howl.me/clHccGkb0M4  ğŸ•¹ï¸ PewDiePie's Tuber Simulator iOS: https://tinyurl.com/tuberIOS Android: https://tinyurl.com/tuberandroid  ğŸ•¹ï¸ PewDiePie's Pixelings iOS: https://tinyurl.com/pixelingsiOS Android: https://tinyurl.com/pixelingsandroid,2025-03-14 17:00:36+00:00,pewdiepie|pewds|pewdie,20,en-US,en-GB,https://i.ytimg.com/vi/UDVOuh-LDx8/default.jpg,PT29M9S,3836869,208832,7976,public,UC-lHJZR3Gqxm24_Vd_AJ5Yw,PewDiePie,I make videos.,JP,https://yt3.ggpht.com/vik8mAiwHQbXiFyKfZ3__p55_VBdGvwxPpuPJBBwdbF0PjJxikXhrP-C3nLQAMAxGNd_-xQCIg=s88-c-k-c0x00ffffff-no-rj,110000000,4649
14Rd_h9V4tQ,WHY DID I PLAY THIS?! ((((((So Scary!)))))),Poppy Playtime Chapter 2 #ad - Grab the limited edition Playtime Cooler Collectorâ€™s Box: https://creator.gfuel.com/pewdiepie  Get exclusive NordVPN deal here âµ https://NordVPN.com/pewdiepie Itâ€™s risk free with Nordâ€™s 30 day money-back guarantee!âœŒ  ğŸŒ Get an exclusive 15% discount on Saily data plans! Use code pewdiepie at checkout. Download Saily app or go to https://saily.com/pewdiepie â›µ  Official Æ¿à«¯Ï‰áƒ«É¿à«¯Æ¿É¿à«¯ TikTok: https://www.tiktok.com/@pewdiepie  âˆ Official Æ¿à«¯Ï‰áƒ«É¿à«¯Æ¿É¿à«¯ Infinity Stream: https://www.twitch.tv/pewdiepie  âš™ï¸ My Setup (affiliate links)âš™ï¸ ğŸ–¥ï¸  PC: https://howl.me/clHcdRoIePi ğŸ§ Headphones: https://www.anrdoezrs.net/click-100814745-14330447 ğŸª‘ Chair: https://tinyurl.com/clutchpdp âŒ¨ï¸ ğŸ–±ï¸ Keyboard & Mouse: https://tinyurl.com/ghostpdp  ğŸ‘Ÿ Sneakers: https://howl.me/clHccGkb0M4  ğŸ•¹ï¸ PewDiePie's Tuber Simulator iOS: https://tinyurl.com/tuberIOS Android: https://tinyurl.com/tuberandroid  ğŸ•¹ï¸ PewDiePie's Pixelings iOS: https://tinyurl.com/pixelingsiOS Android: https://tinyurl.com/pixelingsandroid,2025-02-28 01:38:58+00:00,pewdiepie|pewds|pewdie,20,en-US,en-GB,https://i.ytimg.com/vi/14Rd_h9V4tQ/default.jpg,PT35M,1423498,79705,4349,public,UC-lHJZR3Gqxm24_Vd_AJ5Yw,PewDiePie,I make videos.,JP,https://yt3.ggpht.com/vik8mAiwHQbXiFyKfZ3__p55_VBdGvwxPpuPJBBwdbF0PjJxikXhrP-C3nLQAMAxGNd_-xQCIg=s88-c-k-c0x00ffffff-no-rj,110000000,4649
tsu0Rw3Nqi8,My First Gaming PC Build... (very easy),ğŸŒ Get exclusive NordVPN deal here âµ https://NordVPN.com/pewdiepie Itâ€™s risk free with Nordâ€™s 30 day money-back guarantee!âœŒ   Get an exclusive 15% discount on Saily data plans! Use code pewdiepie at checkout. Download Saily app or go to https://saily.com/pewdiepie â›µ  Official Æ¿à«¯Ï‰áƒ«É¿à«¯Æ¿É¿à«¯ TikTok: https://www.tiktok.com/@pewdiepie  âˆ Official Æ¿à«¯Ï‰áƒ«É¿à«¯Æ¿É¿à«¯ Infinity Stream: https://www.twitch.tv/pewdiepie  âš™ï¸ My Setup (affiliate links)âš™ï¸ ğŸ–¥ï¸  PC: https://howl.me/clHcdRoIePi ğŸ§ Headphones: https://www.anrdoezrs.net/click-100814745-14330447 ğŸª‘ Chair: https://tinyurl.com/clutchpdp âŒ¨ï¸ ğŸ–±ï¸ Keyboard & Mouse: https://tinyurl.com/ghostpdp  ğŸ‘Ÿ Sneakers: https://howl.me/clHccGkb0M4  ğŸ•¹ï¸ PewDiePie's Tuber Simulator iOS: https://tinyurl.com/tuberIOS Android: https://tinyurl.com/tuberandroid  ğŸ•¹ï¸ PewDiePie's Pixelings iOS: https://tinyurl.com/pixelingsiOS Android: https://tinyurl.com/pixelingsandroid,2025-02-21 17:01:17+00:00,pewdiepie|pewds|pewdie,24,en-US,en-GB,https://i.ytimg.com/vi/tsu0Rw3Nqi8/default.jpg,PT26M12S,4701271,235182,10161,public,UC-lHJZR3Gqxm24_Vd_AJ5Yw,PewDiePie,I make videos.,JP,https://yt3.ggpht.com/vik8mAiwHQbXiFyKfZ3__p55_VBdGvwxPpuPJBBwdbF0PjJxikXhrP-C3nLQAMAxGNd_-xQCIg=s88-c-k-c0x00ffffff-no-rj,110000000,4649
nrzrkiu5nyI,I SAID I'D NEVER RETURN HERE............,"ğŸŒ Get an exclusive 15% discount on Saily data plans! Use code pewdiepie at checkout. Download Saily app or go to https://saily.com/pewdiepie â›µ    ğŸ“° Get ""The Kjellberg Mail"" (family newsletter w Mertz): https://the-kjellberg-mail.beehiiv.com/p/july  Stock Up On â¡ï¸ğŸ¥¤Gfuel (affiliate): https://affiliateshop.gfuel.com/pewdiepie #Code #Pewdiepie  Get exclusive NordVPN deal here âµ https://NordVPN.com/pewdiepie Itâ€™s risk free with Nordâ€™s 30 day money-back guarantee!âœŒ  Official Æ¿à«¯Ï‰áƒ«É¿à«¯Æ¿É¿à«¯ TikTok: https://www.tiktok.com/@pewdiepie  âˆ Official Æ¿à«¯Ï‰áƒ«É¿à«¯Æ¿É¿à«¯ Infinity Stream: https://www.twitch.tv/pewdiepie  âš™ï¸ My Setup (affiliate links)âš™ï¸ ğŸ–¥ï¸  PC: https://howl.me/clHcdRoIePi ğŸ§ Headphones: https://www.anrdoezrs.net/click-100814745-14330447 ğŸª‘ Chair: https://tinyurl.com/clutchpdp âŒ¨ï¸ ğŸ–±ï¸ Keyboard & Mouse: https://tinyurl.com/ghostpdp  ğŸ‘Ÿ Sneakers: https://howl.me/clHccGkb0M4  ğŸ•¹ï¸ PewDiePie's Tuber Simulator iOS: https://tinyurl.com/tuberIOS Android: https://tinyurl.com/tuberandroid  ğŸ•¹ï¸ PewDiePie's Pixelings iOS: https://tinyurl.com/pixelingsiOS Android: https://tinyurl.com/pixelingsandroid",2025-02-14 17:15:08+00:00,pewdiepie|pewds|pewdie,20,en-US,en-GB,https://i.ytimg.com/vi/nrzrkiu5nyI/default.jpg,PT21M41S,3122304,193498,7110,public,UC-lHJZR3Gqxm24_Vd_AJ5Yw,PewDiePie,I make videos.,JP,https://yt3.ggpht.com/vik8mAiwHQbXiFyKfZ3__p55_VBdGvwxPpuPJBBwdbF0PjJxikXhrP-C3nLQAMAxGNd_-xQCIg=s88-c-k-c0x00ffffff-no-rj,110000000,4649
sL1UPpgBH7I,I Found My Wife's Meme Folder....,ğŸ›ï¸ SHOP G FUELâ€™s NEWEST INNOVATION: https://creator.gfuel.com/pewdiepie  ğŸŒ Get exclusive NordVPN deal here âµ  https://NordVPN.com/pewdiepie Itâ€™s risk free with Nordâ€™s 30 day money-back guarantee!âœŒ  ğŸŒ Get an exclusive 15% discount on Saily data plans! Use code pewdiepie at checkout. Download Saily app or go to https://saily.com/pewdiepie â›µ  Official Æ¿à«¯Ï‰áƒ«É¿à«¯Æ¿É¿à«¯ TikTok: https://www.tiktok.com/@pewdiepie  âˆ Official Æ¿à«¯Ï‰áƒ«É¿à«¯Æ¿É¿à«¯ Infinity Stream: https://www.twitch.tv/pewdiepie  âš™ï¸ My Setup (affiliate links)âš™ï¸ ğŸ–¥ï¸  PC: https://howl.me/clHcdRoIePi ğŸ§ Headphones: https://www.anrdoezrs.net/click-100814745-14330447 ğŸª‘ Chair: https://tinyurl.com/clutchpdp âŒ¨ï¸ ğŸ–±ï¸ Keyboard & Mouse: https://tinyurl.com/ghostpdp  ğŸ‘Ÿ Sneakers: https://howl.me/clHccGkb0M4  ğŸ•¹ï¸ PewDiePie's Tuber Simulator iOS: https://tinyurl.com/tuberIOS Android: https://tinyurl.com/tuberandroid  ğŸ•¹ï¸ PewDiePie's Pixelings iOS: https://tinyurl.com/pixelingsiOS Android: https://tinyurl.com/pixelingsandroid,2025-01-30 17:01:02+00:00,pewdiepie|pewds|pewdie,24,en-US,en-GB,https://i.ytimg.com/vi/sL1UPpgBH7I/default.jpg,PT16M45S,2017547,138526,3968,public,UC-lHJZR3Gqxm24_Vd_AJ5Yw,PewDiePie,I make videos.,JP,https://yt3.ggpht.com/vik8mAiwHQbXiFyKfZ3__p55_VBdGvwxPpuPJBBwdbF0PjJxikXhrP-C3nLQAMAxGNd_-xQCIg=s88-c-k-c0x00ffffff-no-rj,110000000,4649
OZI0oOfRFp4,Our Family is Growing..,Get exclusive NordVPN deal here âµ https://NordVPN.com/pewdiepie Itâ€™s risk free with Nordâ€™s 30 day money-back guarantee!âœŒ  ğŸŒ Get an exclusive 15% discount on Saily data plans! Use code pewdiepie at checkout. Download Saily app or go to https://saily.com/pewdiepie â›µ  Official Æ¿à«¯Ï‰áƒ«É¿à«¯Æ¿É¿à«¯ TikTok: https://www.tiktok.com/@pewdiepie  âˆ Official Æ¿à«¯Ï‰áƒ«É¿à«¯Æ¿É¿à«¯ Infinity Stream: https://www.twitch.tv/pewdiepie  âš™ï¸ My Setup (affiliate links)âš™ï¸ ğŸ–¥ï¸  PC: https://howl.me/clHcdRoIePi ğŸ§ Headphones: https://www.anrdoezrs.net/click-100814745-14330447 ğŸª‘ Chair: https://tinyurl.com/clutchpdp âŒ¨ï¸ ğŸ–±ï¸ Keyboard & Mouse: https://tinyurl.com/ghostpdp  ğŸ‘Ÿ Sneakers: https://howl.me/clHccGkb0M4  ğŸ•¹ï¸ PewDiePie's Tuber Simulator iOS: https://tinyurl.com/tuberIOS Android: https://tinyurl.com/tuberandroid  ğŸ•¹ï¸ PewDiePie's Pixelings iOS: https://tinyurl.com/pixelingsiOS Android: https://tinyurl.com/pixelingsandroid,2025-01-08 19:09:55+00:00,pewdiepie|pewds|pewdie,20,en-US,en-GB,https://i.ytimg.com/vi/OZI0oOfRFp4/default.jpg,PT30M58S,3982189,216426,8617,public,UC-lHJZR3Gqxm24_Vd_AJ5Yw,PewDiePie,I make videos.,JP,https://yt3.ggpht.com/vik8mAiwHQbXiFyKfZ3__p55_VBdGvwxPpuPJBBwdbF0PjJxikXhrP-C3nLQAMAxGNd_-xQCIg=s88-c-k-c0x00ffffff-no-rj,110000000,4649
yfQAnBol6Jw,Giving you guys a chance....,"ğŸŒ Get exclusive NordVPN deal here âµ  https://NordVPN.com/pewdiepie Itâ€™s risk free with Nordâ€™s 30 day money-backÂ guarantee!âœŒ  ğŸ§#SubscribeğŸ§  ğŸ“° Get ""The Kjellberg Mail"" (family newsletter w Mertz): https://the-kjellberg-mail.beehiiv.com/p/july  Stock Up On â¡ï¸ğŸ¥¤Gfuel (affiliate): https://affiliateshop.gfuel.com/pewdiepie #Code #Pewdiepie  ğŸŒ Get an exclusive 15% discount on Saily data plans! Use code pewdiepie at checkout. Download Saily app or go to https://saily.com/pewdiepie â›µ  Official Æ¿à«¯Ï‰áƒ«É¿à«¯Æ¿É¿à«¯ TikTok: https://www.tiktok.com/@pewdiepie  âˆ Official Æ¿à«¯Ï‰áƒ«É¿à«¯Æ¿É¿à«¯ Infinity Stream: https://www.twitch.tv/pewdiepie  âš™ï¸ My Setup (affiliate links)âš™ï¸ ğŸ–¥ï¸  PC: https://howl.me/clHcdRoIePi ğŸ§ Headphones: https://www.anrdoezrs.net/click-100814745-14330447 ğŸª‘ Chair: https://tinyurl.com/clutchpdp âŒ¨ï¸ ğŸ–±ï¸ Keyboard & Mouse: https://tinyurl.com/ghostpdp  ğŸ‘Ÿ Sneakers: https://howl.me/clHccGkb0M4  ğŸ•¹ï¸ PewDiePie's Tuber Simulator iOS: https://tinyurl.com/tuberIOS Android: https://tinyurl.com/tuberandroid  ğŸ•¹ï¸ PewDiePie's Pixelings iOS: https://tinyurl.com/pixelingsiOS Android: https://tinyurl.com/pixelingsandroid",2024-12-23 17:00:59+00:00,pewdiepie|pewds|pewdie,20,en-US,en-GB,https://i.ytimg.com/vi/yfQAnBol6Jw/default.jpg,PT21M45S,2492337,147843,5901,public,UC-lHJZR3Gqxm24_Vd_AJ5Yw,PewDiePie,I make videos.,JP,https://yt3.ggpht.com/vik8mAiwHQbXiFyKfZ3__p55_VBdGvwxPpuPJBBwdbF0PjJxikXhrP-C3nLQAMAxGNd_-xQCIg=s88-c-k-c0x00ffffff-no-rj,110000000,4649
Jzk5gbWQaT8,This Month Was Tough on Us..,#Stock Up On â¡ï¸ğŸ¥¤Gfuel (affiliate): https://affiliateshop.gfuel.com/pewdiepie  #Pewdiepie #vlog #japan   Get exclusive NordVPN deal here âµ https://NordVPN.com/pewdiepie Itâ€™s risk free with Nordâ€™s 30 day money-back guarantee!âœŒ  ğŸŒ Get an exclusive 15% discount on Saily data plans! Use code pewdiepie at checkout. Download Saily app or go to https://saily.com/pewdiepie â›µ  Official Æ¿à«¯Ï‰áƒ«É¿à«¯Æ¿É¿à«¯ TikTok: https://www.tiktok.com/@pewdiepie  âˆ Official Æ¿à«¯Ï‰áƒ«É¿à«¯Æ¿É¿à«¯ Infinity Stream: https://www.twitch.tv/pewdiepie  âš™ï¸ My Setup (affiliate links)âš™ï¸ ğŸ–¥ï¸  PC: https://howl.me/clHcdRoIePi ğŸ§ Headphones: https://www.anrdoezrs.net/click-100814745-14330447 ğŸª‘ Chair: https://tinyurl.com/clutchpdp âŒ¨ï¸ ğŸ–±ï¸ Keyboard & Mouse: https://tinyurl.com/ghostpdp  ğŸ‘Ÿ Sneakers: https://howl.me/clHccGkb0M4  ğŸ•¹ï¸ PewDiePie's Tuber Simulator iOS: https://tinyurl.com/tuberIOS Android: https://tinyurl.com/tuberandroid  ğŸ•¹ï¸ PewDiePie's Pixelings iOS: https://tinyurl.com/pixelingsiOS Android: https://tinyurl.com/pixelingsandroid,2024-12-15 17:00:27+00:00,pewdiepie|pewds|pewdie,22,en-US,en-GB,https://i.ytimg.com/vi/Jzk5gbWQaT8/default.jpg,PT25M39S,2814922,133263,4052,public,UC-lHJZR3Gqxm24_Vd_AJ5Yw,PewDiePie,I make videos.,JP,https://yt3.ggpht.com/vik8mAiwHQbXiFyKfZ3__p55_VBdGvwxPpuPJBBwdbF0PjJxikXhrP-C3nLQAMAxGNd_-xQCIg=s88-c-k-c0x00ffffff-no-rj,110000000,4649
8fLZQYiI3mg,Podcasts have gone too far..,"ğŸ¥¤ Get your GFuel: https://creator.gfuel.com/bogo-pewdiepie  ğŸ’¥ Get exclusive NordVPN deal here âµ https://NordVPN.com/pewdiepie Itâ€™s risk free with Nordâ€™s 30 day money-backÂ guarantee!âœŒ  ğŸ§#SubscribeğŸ§  ğŸ“° Get ""The Kjellberg Mail"" (family newsletter w Mertz): https://the-kjellberg-mail.beehiiv.com/p/july  ğŸŒ Get an exclusive 15% discount on Saily data plans! Use code pewdiepie at checkout. Download Saily app or go to https://saily.com/pewdiepie â›µ  Official Æ¿à«¯Ï‰áƒ«É¿à«¯Æ¿É¿à«¯ TikTok: https://www.tiktok.com/@pewdiepie  âˆ Official Æ¿à«¯Ï‰áƒ«É¿à«¯Æ¿É¿à«¯ Infinity Stream: https://www.twitch.tv/pewdiepie  âš™ï¸ My Setup (affiliate links)âš™ï¸ ğŸ–¥ï¸  PC: https://howl.me/clHcdRoIePi ğŸ§ Headphones: https://www.anrdoezrs.net/click-100814745-14330447 ğŸª‘ Chair: https://tinyurl.com/clutchpdp âŒ¨ï¸ ğŸ–±ï¸ Keyboard & Mouse: https://tinyurl.com/ghostpdp  ğŸ‘Ÿ Sneakers: https://howl.me/clHccGkb0M4  ğŸ•¹ï¸ PewDiePie's Tuber Simulator iOS: https://tinyurl.com/tuberIOS Android: https://tinyurl.com/tuberandroid  ğŸ•¹ï¸ PewDiePie's Pixelings iOS: https://tinyurl.com/pixelingsiOS Android: https://tinyurl.com/pixelingsandroid",2024-11-28 17:00:15+00:00,pewdiepie|pewds|pewdie,24,en-US,en-GB,https://i.ytimg.com/vi/8fLZQYiI3mg/default.jpg,PT23M16S,2296495,108001,4766,public,UC-lHJZR3Gqxm24_Vd_AJ5Yw,PewDiePie,I make videos.,JP,https://yt3.ggpht.com/vik8mAiwHQbXiFyKfZ3__p55_VBdGvwxPpuPJBBwdbF0PjJxikXhrP-C3nLQAMAxGNd_-xQCIg=s88-c-k-c0x00ffffff-no-rj,110000000,4649
vCqZQOqUiqo,Happy Wheels in 2024 is crazy..,"ğŸ’¥ Get exclusive NordVPN deal here âµ https://NordVPN.com/pewdiepie Itâ€™s risk free with Nordâ€™s 30 day money-back guarantee!âœŒ  ğŸ“° Get ""The Kjellberg Mail"" (family newsletter w Mertz): https://the-kjellberg-mail.beehiiv.com/p/july  Stock Up On â¡ï¸ğŸ¥¤Gfuel (affiliate): https://affiliateshop.gfuel.com/pewdiepie #Code #Pewdiepie  Official Æ¿à«¯Ï‰áƒ«É¿à«¯Æ¿É¿à«¯ TikTok: https://www.tiktok.com/@pewdiepie  âˆ Official Æ¿à«¯Ï‰áƒ«É¿à«¯Æ¿É¿à«¯ Infinity Stream: https://www.twitch.tv/pewdiepie  âš™ï¸ My Setup (affiliate links)âš™ï¸ ğŸ–¥ï¸  PC: https://howl.me/clHcdRoIePi ğŸ§ Headphones: https://www.anrdoezrs.net/click-100814745-14330447 ğŸª‘ Chair: https://tinyurl.com/clutchpdp âŒ¨ï¸ ğŸ–±ï¸ Keyboard & Mouse: https://tinyurl.com/ghostpdp  ğŸ‘Ÿ Sneakers: https://howl.me/clHccGkb0M4  ğŸ•¹ï¸ PewDiePie's Tuber Simulator iOS: https://tinyurl.com/tuberIOS Android: https://tinyurl.com/tuberandroid  ğŸ•¹ï¸ PewDiePie's Pixelings iOS: https://tinyurl.com/pixelingsiOS Android: https://tinyurl.com/pixelingsandroid",2024-11-24 17:00:49+00:00,pewdiepie|pewds|pewdie,20,en-US,en-GB,https://i.ytimg.com/vi/vCqZQOqUiqo/default.jpg,PT21M50S,2900020,195749,7872,public,UC-lHJZR3Gqxm24_Vd_AJ5Yw,PewDiePie,I make videos.,JP,https://yt3.ggpht.com/vik8mAiwHQbXiFyKfZ3__p55_VBdGvwxPpuPJBBwdbF0PjJxikXhrP-C3nLQAMAxGNd_-xQCIg=s88-c-k-c0x00ffffff-no-rj,110000000,4649
IkU3c1kERcw,I put on a suit and went to Australia for this,"ğŸ’¥ Get exclusive NordVPN deal here âµ https://NordVPN.com/pewdiepie Itâ€™s risk free with Nordâ€™s 30 day money-back guarantee!âœŒ  ğŸŒ Get an exclusive 15% discount on Saily data plans! Use code pewdiepie at checkout. Download Saily app or go to https://saily.com/pewdiepie â›µ  ğŸ“° Get ""The Kjellberg Mail"" (family newsletter w Mertz): https://the-kjellberg-mail.beehiiv.com/p/july  Stock Up On â¡ï¸ğŸ¥¤Gfuel (affiliate): https://affiliateshop.gfuel.com/pewdiepie #Code #Pewdiepie  Official Æ¿à«¯Ï‰áƒ«É¿à«¯Æ¿É¿à«¯ TikTok: https://www.tiktok.com/@pewdiepie  âˆ Official Æ¿à«¯Ï‰áƒ«É¿à«¯Æ¿É¿à«¯ Infinity Stream: https://www.twitch.tv/pewdiepie  âš™ï¸ My Setup (affiliate links)âš™ï¸ ğŸ–¥ï¸  PC: https://howl.me/clHcdRoIePi ğŸ§ Headphones: https://www.anrdoezrs.net/click-100814745-14330447 ğŸª‘ Chair: https://tinyurl.com/clutchpdp âŒ¨ï¸ ğŸ–±ï¸ Keyboard & Mouse: https://tinyurl.com/ghostpdp  ğŸ‘Ÿ Sneakers: https://howl.me/clHccGkb0M4  ğŸ•¹ï¸ PewDiePie's Tuber Simulator iOS: https://tinyurl.com/tuberIOS Android: https://tinyurl.com/tuberandroid  ğŸ•¹ï¸ PewDiePie's Pixelings iOS: https://tinyurl.com/pixelingsiOS Android: https://tinyurl.com/pixelingsandroid",2024-11-15 17:00:25+00:00,pewdiepie|pewds|pewdie,20,en-US,en-GB,https://i.ytimg.com/vi/IkU3c1kERcw/default.jpg,PT40M10S,2887432,151023,6209,public,UC-lHJZR3Gqxm24_Vd_AJ5Yw,PewDiePie,I make videos.,JP,https://yt3.ggpht.com/vik8mAiwHQbXiFyKfZ3__p55_VBdGvwxPpuPJBBwdbF0PjJxikXhrP-C3nLQAMAxGNd_-xQCIg=s88-c-k-c0x00ffffff-no-rj,110000000,4649
GPLImB-I71w,I Drew Every Day for 365 Days..... *it was painful*,"Stock Up On â¡ï¸ğŸ¥¤Gfuel (affiliate): https://affiliateshop.gfuel.com/pewdiepie #Code #Pewdiepie  Get exclusive NordVPN deal here âµ https://NordVPN.com/pewdiepie Itâ€™s risk free with Nordâ€™s 30 day money-back guarantee!âœŒ  ğŸ§#SubscribeğŸ§  ğŸ“° Get ""The Kjellberg Mail"" (family newsletter w Mertz): https://the-kjellberg-mail.beehiiv.com/p/july  Official Æ¿à«¯Ï‰áƒ«É¿à«¯Æ¿É¿à«¯ TikTok: https://www.tiktok.com/@pewdiepie  âˆ Official Æ¿à«¯Ï‰áƒ«É¿à«¯Æ¿É¿à«¯ Infinity Stream: https://www.twitch.tv/pewdiepie  âš™ï¸ My Setup (affiliate links)âš™ï¸ ğŸ–¥ï¸  PC: https://howl.me/clHcdRoIePi ğŸ§ Headphones: https://www.anrdoezrs.net/click-100814745-14330447 ğŸª‘ Chair: https://tinyurl.com/clutchpdp âŒ¨ï¸ ğŸ–±ï¸ Keyboard & Mouse: https://tinyurl.com/ghostpdp  ğŸ‘Ÿ Sneakers: https://howl.me/clHccGkb0M4  ğŸ•¹ï¸ PewDiePie's Tuber Simulator iOS: https://tinyurl.com/tuberIOS Android: https://tinyurl.com/tuberandroid  ğŸ•¹ï¸ PewDiePie's Pixelings iOS: https://tinyurl.com/pixelingsiOS Android: https://tinyurl.com/pixelingsandroid",2024-10-29 17:00:14+00:00,pewdiepie|pewds|pewdie,24,en-US,en-GB,https://i.ytimg.com/vi/GPLImB-I71w/default.jpg,PT16M52S,6304478,442380,12871,public,UC-lHJZR3Gqxm24_Vd_AJ5Yw,PewDiePie,I make videos.,JP,https://yt3.ggpht.com/vik8mAiwHQbXiFyKfZ3__p55_VBdGvwxPpuPJBBwdbF0PjJxikXhrP-C3nLQAMAxGNd_-xQCIg=s88-c-k-c0x00ffffff-no-rj,110000000,4649
Jal7jd_ocL0,Setting the record straight about kids!,"#AD - ğŸŒ Get an exclusive 15% discount on Saily data plans! Use code pewdiepie at checkout. Download Saily app or go to https://saily.com/pewdiepie  ğŸ§#SubscribeğŸ§ ğŸ“° Get ""The Kjellberg Mail"" (family newsletter w Mertz): https://the-kjellberg-mail.beehiiv.com/p/july  Stock Up On â¡ï¸ğŸ¥¤Gfuel (affiliate): https://affiliateshop.gfuel.com/pewdiepie #Code #Pewdiepie  Get exclusive NordVPN deal here âµ https://NordVPN.com/pewdiepie Itâ€™s risk free with Nordâ€™s 30 day money-back guarantee!âœŒ  Official Æ¿à«¯Ï‰áƒ«É¿à«¯Æ¿É¿à«¯ TikTok: https://www.tiktok.com/@pewdiepie  âˆ Official Æ¿à«¯Ï‰áƒ«É¿à«¯Æ¿É¿à«¯ Infinity Stream: https://www.twitch.tv/pewdiepie  âš™ï¸ My Setup (affiliate links)âš™ï¸ ğŸ–¥ï¸  PC: https://howl.me/clHcdRoIePi ğŸ§ Headphones: https://www.anrdoezrs.net/click-100814745-14330447 ğŸª‘ Chair: https://tinyurl.com/clutchpdp âŒ¨ï¸ ğŸ–±ï¸ Keyboard & Mouse: https://tinyurl.com/ghostpdp  ğŸ‘Ÿ Sneakers: https://howl.me/clHccGkb0M4  ğŸ•¹ï¸ PewDiePie's Tuber Simulator iOS: https://tinyurl.com/tuberIOS Android: https://tinyurl.com/tuberandroid  ğŸ•¹ï¸ PewDiePie's Pixelings iOS: https://tinyurl.com/pixelingsiOS Android: https://tinyurl.com/pixelingsandroid",2024-10-20 17:15:02+00:00,pewdiepie|pewds|pewdie,24,en-US,en-GB,https://i.ytimg.com/vi/Jal7jd_ocL0/default.jpg,PT18M35S,4168621,240240,6814,public,UC-lHJZR3Gqxm24_Vd_AJ5Yw,PewDiePie,I make videos.,JP,https://yt3.ggpht.com/vik8mAiwHQbXiFyKfZ3__p55_VBdGvwxPpuPJBBwdbF0PjJxikXhrP-C3nLQAMAxGNd_-xQCIg=s88-c-k-c0x00ffffff-no-rj,110000000,4649
Tbwbq-03aOc,If you laugh... You're a bad person..,"ğŸŒ Get exclusive NordVPN deal here âµ  https://NordVPN.com/pewdiepie Itâ€™s risk free with Nordâ€™s 30 day money-back guarantee!âœŒ  ğŸ§#SubscribeğŸ§  ğŸ“° Get ""The Kjellberg Mail"" (family newsletter w Mertz): https://the-kjellberg-mail.beehiiv.com/p/july  Stock Up On â¡ï¸ğŸ¥¤Gfuel (affiliate): https://affiliateshop.gfuel.com/pewdiepie #Code #Pewdiepie  Official Æ¿à«¯Ï‰áƒ«É¿à«¯Æ¿É¿à«¯ TikTok: https://www.tiktok.com/@pewdiepie  âˆ Official Æ¿à«¯Ï‰áƒ«É¿à«¯Æ¿É¿à«¯ Infinity Stream: https://www.twitch.tv/pewdiepie  âš™ï¸ My Setup (affiliate links)âš™ï¸ ğŸ–¥ï¸  PC: https://howl.me/clHcdRoIePi ğŸ§ Headphones: https://www.anrdoezrs.net/click-100814745-14330447 ğŸª‘ Chair: https://tinyurl.com/clutchpdp âŒ¨ï¸ ğŸ–±ï¸ Keyboard & Mouse: https://tinyurl.com/ghostpdp  ğŸ‘Ÿ Sneakers: https://howl.me/clHccGkb0M4  ğŸ•¹ï¸ PewDiePie's Tuber Simulator iOS: https://tinyurl.com/tuberIOS Android: https://tinyurl.com/tuberandroid  ğŸ•¹ï¸ PewDiePie's Pixelings iOS: https://tinyurl.com/pixelingsiOS Android: https://tinyurl.com/pixelingsandroid",2024-10-14 17:00:20+00:00,pewdiepie|pewds|pewdie,24,en-US,en-GB,https://i.ytimg.com/vi/Tbwbq-03aOc/default.jpg,PT14M59S,2462280,143578,2811,public,UC-lHJZR3Gqxm24_Vd_AJ5Yw,PewDiePie,I make videos.,JP,https://yt3.ggpht.com/vik8mAiwHQbXiFyKfZ3__p55_VBdGvwxPpuPJBBwdbF0PjJxikXhrP-C3nLQAMAxGNd_-xQCIg=s88-c-k-c0x00ffffff-no-rj,110000000,4649
bzubMYUiCac,Family Adventure: Our Awaji Island Trip,"Disclosure: Awaji trip was not sponsored but free ğŸ“° Get ""The Kjellberg Mail"" (family newsletter w Mertz): https://the-kjellberg-mail.beehiiv.com/p/july Awaji ENG info: https://en.awajishima-resort.com @discoverawaji on IG    Stock Up On â¡ï¸ğŸ¥¤Gfuel (affiliate): https://affiliateshop.gfuel.com/pewdiepie #Code #Pewdiepie  Get exclusive NordVPN deal here âµ https://NordVPN.com/pewdiepie Itâ€™s risk free with Nordâ€™s 30 day money-back guarantee!âœŒ  Official Æ¿à«¯Ï‰áƒ«É¿à«¯Æ¿É¿à«¯ TikTok: https://www.tiktok.com/@pewdiepie  âˆ Official Æ¿à«¯Ï‰áƒ«É¿à«¯Æ¿É¿à«¯ Infinity Stream: https://www.twitch.tv/pewdiepie  âš™ï¸ My Setup (affiliate links)âš™ï¸ ğŸ–¥ï¸  PC: https://howl.me/clHcdRoIePi ğŸ§ Headphones: https://www.anrdoezrs.net/click-100814745-14330447 ğŸª‘ Chair: https://tinyurl.com/clutchpdp âŒ¨ï¸ ğŸ–±ï¸ Keyboard & Mouse: https://tinyurl.com/ghostpdp  ğŸ‘Ÿ Sneakers: https://howl.me/clHccGkb0M4  ğŸ•¹ï¸ PewDiePie's Tuber Simulator iOS: https://tinyurl.com/tuberIOS Android: https://tinyurl.com/tuberandroid  ğŸ•¹ï¸ PewDiePie's Pixelings iOS: https://tinyurl.com/pixelingsiOS Android: https://tinyurl.com/pixelingsandroid",2024-10-05 17:00:25+00:00,pewdiepie|pewds|pewdie,20,en-US,en-GB,https://i.ytimg.com/vi/bzubMYUiCac/default.jpg,PT32M58S,1849051,92405,3578,public,UC-lHJZR3Gqxm24_Vd_AJ5Yw,PewDiePie,I make videos.,JP,https://yt3.ggpht.com/vik8mAiwHQbXiFyKfZ3__p55_VBdGvwxPpuPJBBwdbF0PjJxikXhrP-C3nLQAMAxGNd_-xQCIg=s88-c-k-c0x00ffffff-no-rj,110000000,4649
rpQswht3dsc,Bad YouTube Advice,"Stock Up On â¡ï¸ğŸ¥¤Gfuel (affiliate): https://affiliateshop.gfuel.com/pewdiepie #Code #Pewdiepie  ğŸŒ Get exclusive NordVPN deal here âµ  https://NordVPN.com/pewdiepie Itâ€™s risk free with Nordâ€™s 30 day money-back guarantee!âœŒ  ğŸ§#SubscribeğŸ§  ğŸ“° Get ""The Kjellberg Mail"" (family newsletter w Mertz): https://the-kjellberg-mail.beehiiv.com/p/july  Official Æ¿à«¯Ï‰áƒ«É¿à«¯Æ¿É¿à«¯ TikTok: https://www.tiktok.com/@pewdiepie  âˆ Official Æ¿à«¯Ï‰áƒ«É¿à«¯Æ¿É¿à«¯ Infinity Stream: https://www.twitch.tv/pewdiepie  âš™ï¸ My Setup (affiliate links)âš™ï¸ ğŸ–¥ï¸  PC: https://howl.me/clHcdRoIePi ğŸ§ Headphones: https://www.anrdoezrs.net/click-100814745-14330447 ğŸª‘ Chair: https://tinyurl.com/clutchpdp âŒ¨ï¸ ğŸ–±ï¸ Keyboard & Mouse: https://tinyurl.com/ghostpdp  ğŸ‘Ÿ Sneakers: https://howl.me/clHccGkb0M4  ğŸ•¹ï¸ PewDiePie's Tuber Simulator iOS: https://tinyurl.com/tuberIOS Android: https://tinyurl.com/tuberandroid  ğŸ•¹ï¸ PewDiePie's Pixelings iOS: https://tinyurl.com/pixelingsiOS Android: https://tinyurl.com/pixelingsandroid",2024-09-30 17:00:49+00:00,pewdiepie|pewds|pewdie,24,en-US,en-GB,https://i.ytimg.com/vi/rpQswht3dsc/default.jpg,PT27M5S,3872456,205515,6007,public,UC-lHJZR3Gqxm24_Vd_AJ5Yw,PewDiePie,I make videos.,JP,https://yt3.ggpht.com/vik8mAiwHQbXiFyKfZ3__p55_VBdGvwxPpuPJBBwdbF0PjJxikXhrP-C3nLQAMAxGNd_-xQCIg=s88-c-k-c0x00ffffff-no-rj,110000000,4649
QL6SQEb48zY,The Chinese AI situation is crazy,"ğŸŒ Get exclusive NordVPN deal here âµ  https://NordVPN.com/pewdiepie Itâ€™s risk free with Nordâ€™s 30 day money-back guarantee!âœŒ  ğŸ§#SubscribeğŸ§  ğŸ“° Get ""The Kjellberg Mail"" (family newsletter w Mertz): https://the-kjellberg-mail.beehiiv.com/p/july  Stock Up On â¡ï¸ğŸ¥¤Gfuel (affiliate): https://affiliateshop.gfuel.com/pewdiepie #Code #Pewdiepie  Get exclusive NordVPN deal here âµ https://NordVPN.com/pewdiepie Itâ€™s risk free with Nordâ€™s 30 day money-back guarantee!âœŒ  Official Æ¿à«¯Ï‰áƒ«É¿à«¯Æ¿É¿à«¯ TikTok: https://www.tiktok.com/@pewdiepie  âˆ Official Æ¿à«¯Ï‰áƒ«É¿à«¯Æ¿É¿à«¯ Infinity Stream: https://www.twitch.tv/pewdiepie  âš™ï¸ My Setup (affiliate links)âš™ï¸ ğŸ–¥ï¸  PC: https://howl.me/clHcdRoIePi ğŸ§ Headphones: https://www.anrdoezrs.net/click-100814745-14330447 ğŸª‘ Chair: https://tinyurl.com/clutchpdp âŒ¨ï¸ ğŸ–±ï¸ Keyboard & Mouse: https://tinyurl.com/ghostpdp  ğŸ‘Ÿ Sneakers: https://howl.me/clHccGkb0M4  ğŸ•¹ï¸ PewDiePie's Tuber Simulator iOS: https://tinyurl.com/tuberIOS Android: https://tinyurl.com/tuberandroid  ğŸ•¹ï¸ PewDiePie's Pixelings iOS: https://tinyurl.com/pixelingsiOS Android: https://tinyurl.com/pixelingsandroid",2024-09-21 00:22:23+00:00,pewdiepie|pewds|pewdie,20,en-US,en-GB,https://i.ytimg.com/vi/QL6SQEb48zY/default.jpg,PT19M44S,2848003,137093,4570,public,UC-lHJZR3Gqxm24_Vd_AJ5Yw,PewDiePie,I make videos.,JP,https://yt3.ggpht.com/vik8mAiwHQbXiFyKfZ3__p55_VBdGvwxPpuPJBBwdbF0PjJxikXhrP-C3nLQAMAxGNd_-xQCIg=s88-c-k-c0x00ffffff-no-rj,110000000,4649
uYTL-iM5XFo,Is Switzerland a real place?,"ğŸ“° Get ""The Kjellberg Mail"" (family newsletter w Mertz): https://the-kjellberg-mail.beehiiv.com/p/july  Stock Up On â¡ï¸ğŸ¥¤Gfuel (affiliate): https://affiliateshop.gfuel.com/pewdiepie #Code #Pewdiepie  Get exclusive NordVPN deal here âµ https://NordVPN.com/pewdiepie Itâ€™s risk free with Nordâ€™s 30 day money-back guarantee!âœŒ  Official Æ¿à«¯Ï‰áƒ«É¿à«¯Æ¿É¿à«¯ TikTok: https://www.tiktok.com/@pewdiepie  âˆ Official Æ¿à«¯Ï‰áƒ«É¿à«¯Æ¿É¿à«¯ Infinity Stream: https://www.twitch.tv/pewdiepie  âš™ï¸ My Setup (affiliate links)âš™ï¸ ğŸ–¥ï¸  PC: https://howl.me/clHcdRoIePi ğŸ§ Headphones: https://www.anrdoezrs.net/click-100814745-14330447 ğŸª‘ Chair: https://tinyurl.com/clutchpdp âŒ¨ï¸ ğŸ–±ï¸ Keyboard & Mouse: https://tinyurl.com/ghostpdp  ğŸ‘Ÿ Sneakers: https://howl.me/clHccGkb0M4  ğŸ•¹ï¸ PewDiePie's Tuber Simulator iOS: https://tinyurl.com/tuberIOS Android: https://tinyurl.com/tuberandroid  ğŸ•¹ï¸ PewDiePie's Pixelings iOS: https://tinyurl.com/pixelingsiOS Android: https://tinyurl.com/pixelingsandroid",2024-09-10 17:00:47+00:00,pewdiepie|pewds|pewdie,20,en-US,en-GB,https://i.ytimg.com/vi/uYTL-iM5XFo/default.jpg,PT41M7S,3156783,137542,5172,public,UC-lHJZR3Gqxm24_Vd_AJ5Yw,PewDiePie,I make videos.,JP,https://yt3.ggpht.com/vik8mAiwHQbXiFyKfZ3__p55_VBdGvwxPpuPJBBwdbF0PjJxikXhrP-C3nLQAMAxGNd_-xQCIg=s88-c-k-c0x00ffffff-no-rj,110000000,4649
Fn1OeGys2L8,I WILL NOT APOLOGIZE FOR MY CRIMES,"ğŸŒ Get exclusive NordVPN deal here âµ  https://NordVPN.com/pewdiepie Itâ€™s risk free with Nordâ€™s 30 day money-back guarantee!âœŒ  ğŸ§#SubscribeğŸ§  ğŸ“° Get ""The Kjellberg Mail"" (family newsletter w Mertz): https://the-kjellberg-mail.beehiiv.com/p/july  Stock Up On â¡ï¸ğŸ¥¤Gfuel (affiliate): https://affiliateshop.gfuel.com/pewdiepie #Code #Pewdiepie  Get exclusive NordVPN deal here âµ https://NordVPN.com/pewdiepie Itâ€™s risk free with Nordâ€™s 30 day money-back guarantee!âœŒ  Official Æ¿à«¯Ï‰áƒ«É¿à«¯Æ¿É¿à«¯ TikTok: https://www.tiktok.com/@pewdiepie  âˆ Official Æ¿à«¯Ï‰áƒ«É¿à«¯Æ¿É¿à«¯ Infinity Stream: https://www.twitch.tv/pewdiepie  âš™ï¸ My Setup (affiliate links)âš™ï¸ ğŸ–¥ï¸  PC: https://howl.me/clHcdRoIePi ğŸ§ Headphones: https://www.anrdoezrs.net/click-100814745-14330447 ğŸª‘ Chair: https://tinyurl.com/clutchpdp âŒ¨ï¸ ğŸ–±ï¸ Keyboard & Mouse: https://tinyurl.com/ghostpdp  ğŸ‘Ÿ Sneakers: https://howl.me/clHccGkb0M4  ğŸ•¹ï¸ PewDiePie's Tuber Simulator iOS: https://tinyurl.com/tuberIOS Android: https://tinyurl.com/tuberandroid  ğŸ•¹ï¸ PewDiePie's Pixelings iOS: https://tinyurl.com/pixelingsiOS Android: https://tinyurl.com/pixelingsandroid",2024-08-28 17:00:13+00:00,pewdiepie|pewds|pewdie,20,en-US,en-GB,https://i.ytimg.com/vi/Fn1OeGys2L8/default.jpg,PT38M3S,2437780,100411,2663,public,UC-lHJZR3Gqxm24_Vd_AJ5Yw,PewDiePie,I make videos.,JP,https://yt3.ggpht.com/vik8mAiwHQbXiFyKfZ3__p55_VBdGvwxPpuPJBBwdbF0PjJxikXhrP-C3nLQAMAxGNd_-xQCIg=s88-c-k-c0x00ffffff-no-rj,110000000,4649
kSt2QspMnG0,MAYBE,"#ad - Get the new Booty Pie tub & another FREE! G FUEL BOGO! https://creator.gfuel.com/bogo-pewdiepie  ğŸ§#SubscribeğŸ§  ğŸ“° Get ""The Kjellberg Mail"" (family newsletter w Mertz): https://the-kjellberg-mail.beehiiv.com/p/july  Get exclusive NordVPN deal here âµ https://NordVPN.com/pewdiepie Itâ€™s risk free with Nordâ€™s 30 day money-back guarantee!âœŒ  Official Æ¿à«¯Ï‰áƒ«É¿à«¯Æ¿É¿à«¯ TikTok: https://www.tiktok.com/@pewdiepie  âˆ Official Æ¿à«¯Ï‰áƒ«É¿à«¯Æ¿É¿à«¯ Infinity Stream: https://www.twitch.tv/pewdiepie  âš™ï¸ My Setup (affiliate links)âš™ï¸ ğŸ–¥ï¸  PC: https://howl.me/clHcdRoIePi ğŸ§ Headphones: https://www.anrdoezrs.net/click-100814745-14330447 ğŸª‘ Chair: https://tinyurl.com/clutchpdp âŒ¨ï¸ ğŸ–±ï¸ Keyboard & Mouse: https://tinyurl.com/ghostpdp  ğŸ‘Ÿ Sneakers: https://howl.me/clHccGkb0M4  ğŸ•¹ï¸ PewDiePie's Tuber Simulator iOS: https://tinyurl.com/tuberIOS Android: https://tinyurl.com/tuberandroid  ğŸ•¹ï¸ PewDiePie's Pixelings iOS: https://tinyurl.com/pixelingsiOS Android: https://tinyurl.com/pixelingsandroid",2024-08-24 17:00:37+00:00,pewdiepie|pewds|pewdie,24,en-US,en-GB,https://i.ytimg.com/vi/kSt2QspMnG0/default.jpg,PT21M5S,2526241,129189,3897,public,UC-lHJZR3Gqxm24_Vd_AJ5Yw,PewDiePie,I make videos.,JP,https://yt3.ggpht.com/vik8mAiwHQbXiFyKfZ3__p55_VBdGvwxPpuPJBBwdbF0PjJxikXhrP-C3nLQAMAxGNd_-xQCIg=s88-c-k-c0x00ffffff-no-rj,110000000,4649
3XRTKZlCYSA,Boys First Bike ride! *Front Flips*,"Check out Nonsense x Pewdipeie collab https://nonsense.jp/products/noĞ¸sense-x-pewdiepie-collage-t?variant=45489192468703  ğŸ“° Get ""The Kjellberg Mail"" (family newsletter w Mertz): https://the-kjellberg-mail.beehiiv.com/p/july  Stock Up On â¡ï¸ğŸ¥¤Gfuel (affiliate): https://affiliateshop.gfuel.com/pewdiepie #Code #Pewdiepie  Get exclusive NordVPN deal here âµ https://NordVPN.com/pewdiepie Itâ€™s risk free with Nordâ€™s 30 day money-back guarantee!âœŒ  Official Æ¿à«¯Ï‰áƒ«É¿à«¯Æ¿É¿à«¯ TikTok: https://www.tiktok.com/@pewdiepie  âˆ Official Æ¿à«¯Ï‰áƒ«É¿à«¯Æ¿É¿à«¯ Infinity Stream: https://www.twitch.tv/pewdiepie  âš™ï¸ My Setup (affiliate links)âš™ï¸ ğŸ–¥ï¸  PC: https://howl.me/clHcdRoIePi ğŸ§ Headphones: https://www.anrdoezrs.net/click-100814745-14330447 ğŸª‘ Chair: https://tinyurl.com/clutchpdp âŒ¨ï¸ ğŸ–±ï¸ Keyboard & Mouse: https://tinyurl.com/ghostpdp  ğŸ‘Ÿ Sneakers: https://howl.me/clHccGkb0M4  ğŸ•¹ï¸ PewDiePie's Tuber Simulator iOS: https://tinyurl.com/tuberIOS Android: https://tinyurl.com/tuberandroid  ğŸ•¹ï¸ PewDiePie's Pixelings iOS: https://tinyurl.com/pixelingsiOS Android: https://tinyurl.com/pixelingsandroid",2024-08-09 17:00:02+00:00,pewdiepie|pewds|pewdie,20,en-US,en-GB,https://i.ytimg.com/vi/3XRTKZlCYSA/default.jpg,PT27M17S,2545555,136795,5334,public,UC-lHJZR3Gqxm24_Vd_AJ5Yw,PewDiePie,I make videos.,JP,https://yt3.ggpht.com/vik8mAiwHQbXiFyKfZ3__p55_VBdGvwxPpuPJBBwdbF0PjJxikXhrP-C3nLQAMAxGNd_-xQCIg=s88-c-k-c0x00ffffff-no-rj,110000000,4649
UMDv7gtqBYQ,I will NEver recover from this in Minecraft,"Stock Up On â¡ï¸ğŸ¥¤Gfuel: https://affiliateshop.gfuel.com/hatsune-pewdiepie  Get exclusive NordVPN deal here âµ https://NordVPN.com/pewdiepie Itâ€™s risk free with Nordâ€™s 30 day money-back guarantee!âœŒ  ğŸ“° Get ""The Kjellberg Mail"" (family newsletter w Mertz): https://the-kjellberg-mail.beehiiv.com/p/july  Official Æ¿à«¯Ï‰áƒ«É¿à«¯Æ¿É¿à«¯ TikTok: https://www.tiktok.com/@pewdiepie  âˆ Official Æ¿à«¯Ï‰áƒ«É¿à«¯Æ¿É¿à«¯ Infinity Stream: https://www.twitch.tv/pewdiepie  âš™ï¸ My Setup (affiliate links)âš™ï¸ ğŸ–¥ï¸  PC: https://howl.me/clHcdRoIePi ğŸ§ Headphones: https://www.anrdoezrs.net/click-100814745-14330447 ğŸª‘ Chair: https://tinyurl.com/clutchpdp âŒ¨ï¸ ğŸ–±ï¸ Keyboard & Mouse: https://tinyurl.com/ghostpdp  ğŸ‘Ÿ Sneakers: https://howl.me/clHccGkb0M4  ğŸ•¹ï¸ PewDiePie's Tuber Simulator iOS: https://tinyurl.com/tuberIOS Android: https://tinyurl.com/tuberandroid  ğŸ•¹ï¸ PewDiePie's Pixelings iOS: https://tinyurl.com/pixelingsiOS Android: https://tinyurl.com/pixelingsandroid",2024-07-24 17:00:18+00:00,pewdiepie|pewds|pewdie,20,en-US,en-GB,https://i.ytimg.com/vi/UMDv7gtqBYQ/default.jpg,PT26M37S,2301644,110004,3752,public,UC-lHJZR3Gqxm24_Vd_AJ5Yw,PewDiePie,I make videos.,JP,https://yt3.ggpht.com/vik8mAiwHQbXiFyKfZ3__p55_VBdGvwxPpuPJBBwdbF0PjJxikXhrP-C3nLQAMAxGNd_-xQCIg=s88-c-k-c0x00ffffff-no-rj,110000000,4649
f6CT2ov1I90,"Minecraft is a horror game now , you cant deny this","Get exclusive NordVPN deal here âµ https://NordVPN.com/pewdiepie Itâ€™s risk free with Nordâ€™s 30 day money-back guarantee!âœŒ  Official Æ¿à«¯Ï‰áƒ«É¿à«¯Æ¿É¿à«¯ TikTok: https://www.tiktok.com/@pewdiepie  ğŸ“° Get ""The Kjellberg Mail"" (family newsletter w Mertz): https://the-kjellberg-mail.beehiiv.com/p/july  âˆ Official Æ¿à«¯Ï‰áƒ«É¿à«¯Æ¿É¿à«¯ Infinity Stream: https://www.twitch.tv/pewdiepie  âš™ï¸ My Setup (affiliate links)âš™ï¸ ğŸ–¥ï¸  PC: https://howl.me/clHcdRoIePi ğŸ§ Headphones: https://www.anrdoezrs.net/click-100814745-14330447 ğŸª‘ Chair: https://tinyurl.com/clutchpdp âŒ¨ï¸ ğŸ–±ï¸ Keyboard & Mouse: https://tinyurl.com/ghostpdp  ğŸ‘Ÿ Sneakers: https://howl.me/clHccGkb0M4  ğŸ•¹ï¸ PewDiePie's Tuber Simulator iOS: https://tinyurl.com/tuberIOS Android: https://tinyurl.com/tuberandroid  ğŸ•¹ï¸ PewDiePie's Pixelings iOS: https://tinyurl.com/pixelingsiOS Android: https://tinyurl.com/pixelingsandroid",2024-07-13 17:15:03+00:00,pewdiepie|pewds|pewdie,20,en-US,en-GB,https://i.ytimg.com/vi/f6CT2ov1I90/default.jpg,PT35M34S,2958353,134827,3199,public,UC-lHJZR3Gqxm24_Vd_AJ5Yw,PewDiePie,I make videos.,JP,https://yt3.ggpht.com/vik8mAiwHQbXiFyKfZ3__p55_VBdGvwxPpuPJBBwdbF0PjJxikXhrP-C3nLQAMAxGNd_-xQCIg=s88-c-k-c0x00ffffff-no-rj,110000000,4649
n_Zj7ZLNuN0,New Family Member!,"Get exclusive NordVPN deal here âµ https://NordVPN.com/pewdiepie Itâ€™s risk free with Nordâ€™s 30 day money-back guarantee!âœŒ  Official Æ¿à«¯Ï‰áƒ«É¿à«¯Æ¿É¿à«¯ TikTok: https://www.tiktok.com/@pewdiepie  ğŸ“° Get ""The Kjellberg Mail"" (family newsletter w Mertz): https://the-kjellberg-mail.beehiiv.com/p/july  âˆ Official Æ¿à«¯Ï‰áƒ«É¿à«¯Æ¿É¿à«¯ Infinity Stream: https://www.twitch.tv/pewdiepie  âš™ï¸ My Setup (affiliate links)âš™ï¸ ğŸ–¥ï¸  PC: https://howl.me/clHcdRoIePi ğŸ§ Headphones: https://www.anrdoezrs.net/click-100814745-14330447 ğŸª‘ Chair: https://tinyurl.com/clutchpdp âŒ¨ï¸ ğŸ–±ï¸ Keyboard & Mouse: https://tinyurl.com/ghostpdp  ğŸ‘Ÿ Sneakers: https://howl.me/clHccGkb0M4  ğŸ•¹ï¸ PewDiePie's Tuber Simulator iOS: https://tinyurl.com/tuberIOS Android: https://tinyurl.com/tuberandroid  ğŸ•¹ï¸ PewDiePie's Pixelings iOS: https://tinyurl.com/pixelingsiOS Android: https://tinyurl.com/pixelingsandroid",2024-07-09 17:00:37+00:00,pewdiepie|pewds|pewdie,20,en-US,en-GB,https://i.ytimg.com/vi/n_Zj7ZLNuN0/default.jpg,PT22M40S,5896874,326594,10258,public,UC-lHJZR3Gqxm24_Vd_AJ5Yw,PewDiePie,I make videos.,JP,https://yt3.ggpht.com/vik8mAiwHQbXiFyKfZ3__p55_VBdGvwxPpuPJBBwdbF0PjJxikXhrP-C3nLQAMAxGNd_-xQCIg=s88-c-k-c0x00ffffff-no-rj,110000000,4649
pM_rvWwQoqU,I BROKE the Golden RULE in Minecraft...,"#ad - Go to https://saily.com/Pewdiepie and use the code Pewdiepie to get an exclusive 15% off yourÂ firstÂ purchase.   ğŸ“° Get ""The Kjellberg Mail"" (family newsletter w Mertz): https://the-kjellberg-mail.beehiiv.com/p/july  Get exclusive NordVPN deal here âµ https://NordVPN.com/pewdiepie Itâ€™s risk free with Nordâ€™s 30 day money-back guarantee!âœŒ  Official Æ¿à«¯Ï‰áƒ«É¿à«¯Æ¿É¿à«¯ TikTok: https://www.tiktok.com/@pewdiepie  âˆ Official Æ¿à«¯Ï‰áƒ«É¿à«¯Æ¿É¿à«¯ Infinity Stream: https://www.twitch.tv/pewdiepie  âš™ï¸ My Setup (affiliate links)âš™ï¸ ğŸ–¥ï¸  PC: https://howl.me/clHcdRoIePi ğŸ§ Headphones: https://www.anrdoezrs.net/click-100814745-14330447 ğŸª‘ Chair: https://tinyurl.com/clutchpdp âŒ¨ï¸ ğŸ–±ï¸ Keyboard & Mouse: https://tinyurl.com/ghostpdp  ğŸ‘Ÿ Sneakers: https://howl.me/clHccGkb0M4  ğŸ•¹ï¸ PewDiePie's Tuber Simulator iOS: https://tinyurl.com/tuberIOS Android: https://tinyurl.com/tuberandroid  ğŸ•¹ï¸ PewDiePie's Pixelings iOS: https://tinyurl.com/pixelingsiOS Android: https://tinyurl.com/pixelingsandroid",2024-06-27 17:30:11+00:00,pewdiepie|pewds|pewdie,20,en-US,en-GB,https://i.ytimg.com/vi/pM_rvWwQoqU/default.jpg,PT23M49S,3881849,230717,5125,public,UC-lHJZR3Gqxm24_Vd_AJ5Yw,PewDiePie,I make videos.,JP,https://yt3.ggpht.com/vik8mAiwHQbXiFyKfZ3__p55_VBdGvwxPpuPJBBwdbF0PjJxikXhrP-C3nLQAMAxGNd_-xQCIg=s88-c-k-c0x00ffffff-no-rj,110000000,4649
hrHK7FNgnrM,Training like Mishima for 7 Days,"Shop GFUEL now! https://affiliateshop.gfuel.com/pewdiepie  Get exclusive NordVPN deal here âµ https://NordVPN.com/pewdiepie Itâ€™s risk free with Nordâ€™s 30 day money-back guarantee!âœŒ  ğŸ“° Get ""The Kjellberg Mail"" (family newsletter w Mertz): https://the-kjellberg-mail.beehiiv.com/p/july  Official Æ¿à«¯Ï‰áƒ«É¿à«¯Æ¿É¿à«¯ TikTok: https://www.tiktok.com/@pewdiepie  âˆ Official Æ¿à«¯Ï‰áƒ«É¿à«¯Æ¿É¿à«¯ Infinity Stream: https://www.twitch.tv/pewdiepie  âš™ï¸ My Setup (affiliate links)âš™ï¸ ğŸ–¥ï¸  PC: https://howl.me/clHcdRoIePi ğŸ§ Headphones: https://www.anrdoezrs.net/click-100814745-14330447 ğŸª‘ Chair: https://tinyurl.com/clutchpdp âŒ¨ï¸ ğŸ–±ï¸ Keyboard & Mouse: https://tinyurl.com/ghostpdp  ğŸ‘Ÿ Sneakers: https://howl.me/clHccGkb0M4  ğŸ•¹ï¸ PewDiePie's Tuber Simulator iOS: https://tinyurl.com/tuberIOS Android: https://tinyurl.com/tuberandroid  ğŸ•¹ï¸ PewDiePie's Pixelings iOS: https://tinyurl.com/pixelingsiOS Android: https://tinyurl.com/pixelingsandroid",2024-06-22 17:15:02+00:00,pewdiepie|pewds|pewdie,20,en-US,en-GB,https://i.ytimg.com/vi/hrHK7FNgnrM/default.jpg,PT8M23S,2480983,155622,5456,public,UC-lHJZR3Gqxm24_Vd_AJ5Yw,PewDiePie,I make videos.,JP,https://yt3.ggpht.com/vik8mAiwHQbXiFyKfZ3__p55_VBdGvwxPpuPJBBwdbF0PjJxikXhrP-C3nLQAMAxGNd_-xQCIg=s88-c-k-c0x00ffffff-no-rj,110000000,4649
ZYsJQmKeZb4,I'll play Minecraft Again... (MAYBE),ğŸŒ Get exclusive NordVPN deal here âµ  https://NordVPN.com/pewdiepie Itâ€™s risk free with Nordâ€™s 30 day money-back guarantee!âœŒ  Official Æ¿à«¯Ï‰áƒ«É¿à«¯Æ¿É¿à«¯ TikTok: https://www.tiktok.com/@pewdiepie  âˆ Official Æ¿à«¯Ï‰áƒ«É¿à«¯Æ¿É¿à«¯ Infinity Stream: https://www.twitch.tv/pewdiepie  âš™ï¸ My Setup (affiliate links)âš™ï¸ ğŸ–¥ï¸  PC: https://howl.me/clHcdRoIePi ğŸ§ Headphones: https://www.anrdoezrs.net/click-100814745-14330447 ğŸª‘ Chair: https://tinyurl.com/clutchpdp âŒ¨ï¸ ğŸ–±ï¸ Keyboard & Mouse: https://tinyurl.com/ghostpdp  ğŸ‘Ÿ Sneakers: https://howl.me/clHccGkb0M4  ğŸ•¹ï¸ PewDiePie's Tuber Simulator iOS: https://tinyurl.com/tuberIOS Android: https://tinyurl.com/tuberandroid  ğŸ•¹ï¸ PewDiePie's Pixelings iOS: https://tinyurl.com/pixelingsiOS Android: https://tinyurl.com/pixelingsandroid,2024-06-18 17:00:31+00:00,pewdiepie|pewds|pewdie,20,en-US,en-GB,https://i.ytimg.com/vi/ZYsJQmKeZb4/default.jpg,PT15M51S,5654531,551316,18089,public,UC-lHJZR3Gqxm24_Vd_AJ5Yw,PewDiePie,I make videos.,JP,https://yt3.ggpht.com/vik8mAiwHQbXiFyKfZ3__p55_VBdGvwxPpuPJBBwdbF0PjJxikXhrP-C3nLQAMAxGNd_-xQCIg=s88-c-k-c0x00ffffff-no-rj,110000000,4649
TwtjzPZj2XY,I brought the boy to his homeland,"Go to https://ridge.com/pewdiepie to get up to 40% off some of my favorite Ridge products! Sponsored by Ridge.  Get exclusive NordVPN deal here âµ https://NordVPN.com/pewdiepie Itâ€™s risk free with Nordâ€™s 30 day money-back guarantee!âœŒ  ğŸ“° Get ""The Kjellberg Mail"" (family newsletter w Mertz): https://the-kjellberg-mail.beehiiv.com/p/july  Official Æ¿à«¯Ï‰áƒ«É¿à«¯Æ¿É¿à«¯ TikTok: https://www.tiktok.com/@pewdiepie  âˆ Official Æ¿à«¯Ï‰áƒ«É¿à«¯Æ¿É¿à«¯ Infinity Stream: https://www.twitch.tv/pewdiepie  âš™ï¸ My Setup (affiliate links)âš™ï¸ ğŸ–¥ï¸  PC: https://howl.me/clHcdRoIePi ğŸ§ Headphones: https://www.anrdoezrs.net/click-100814745-14330447 ğŸª‘ Chair: https://tinyurl.com/clutchpdp âŒ¨ï¸ ğŸ–±ï¸ Keyboard & Mouse: https://tinyurl.com/ghostpdp  ğŸ‘Ÿ Sneakers: https://howl.me/clHccGkb0M4  ğŸ•¹ï¸ PewDiePie's Tuber Simulator iOS: https://tinyurl.com/tuberIOS Android: https://tinyurl.com/tuberandroid  ğŸ•¹ï¸ PewDiePie's Pixelings iOS: https://tinyurl.com/pixelingsiOS Android: https://tinyurl.com/pixelingsandroid",2024-06-04 16:00:44+00:00,pewdiepie|pewds|pewdie,20,en-US,en-GB,https://i.ytimg.com/vi/TwtjzPZj2XY/default.jpg,PT29M30S,5061416,286575,8958,public,UC-lHJZR3Gqxm24_Vd_AJ5Yw,PewDiePie,I make videos.,JP,https://yt3.ggpht.com/vik8mAiwHQbXiFyKfZ3__p55_VBdGvwxPpuPJBBwdbF0PjJxikXhrP-C3nLQAMAxGNd_-xQCIg=s88-c-k-c0x00ffffff-no-rj,110000000,4649
3CqDamkcXPk,YouTubers are ruining Japan,BOGO FREE #GFUEL (affiliate) â¡ï¸ğŸ¥¤ https://affiliateshop.gfuel.com/bogo-pewdiepie  ğŸ§#SubscribeğŸ§  Get exclusive NordVPN deal here âµ https://NordVPN.com/pewdiepie Itâ€™s risk free with Nordâ€™s 30 day money-back guarantee!âœŒ  Official Æ¿à«¯Ï‰áƒ«É¿à«¯Æ¿É¿à«¯ TikTok: https://www.tiktok.com/@pewdiepie  âˆ Official Æ¿à«¯Ï‰áƒ«É¿à«¯Æ¿É¿à«¯ Infinity Stream: https://www.twitch.tv/pewdiepie  âš™ï¸ My Setup (affiliate links)âš™ï¸ ğŸ–¥ï¸  PC: https://howl.me/clHcdRoIePi ğŸ§ Headphones: https://www.anrdoezrs.net/click-100814745-14330447 ğŸª‘ Chair: https://tinyurl.com/clutchpdp âŒ¨ï¸ ğŸ–±ï¸ Keyboard & Mouse: https://tinyurl.com/ghostpdp  ğŸ‘Ÿ Sneakers: https://howl.me/clHccGkb0M4  ğŸ•¹ï¸ PewDiePie's Tuber Simulator iOS: https://tinyurl.com/tuberIOS Android: https://tinyurl.com/tuberandroid  ğŸ•¹ï¸ PewDiePie's Pixelings iOS: https://tinyurl.com/pixelingsiOS Android: https://tinyurl.com/pixelingsandroid,2024-05-22 16:30:00+00:00,pewdiepie|pewds|pewdie|Japan|PewDiePie Japan|Japan vlog,24,en-US,en-GB,https://i.ytimg.com/vi/3CqDamkcXPk/default.jpg,PT15M48S,2965379,145939,6463,public,UC-lHJZR3Gqxm24_Vd_AJ5Yw,PewDiePie,I make videos.,JP,https://yt3.ggpht.com/vik8mAiwHQbXiFyKfZ3__p55_VBdGvwxPpuPJBBwdbF0PjJxikXhrP-C3nLQAMAxGNd_-xQCIg=s88-c-k-c0x00ffffff-no-rj,110000000,4649
Pl6KcYzyvJE,I went to the holy land..,Get exclusive NordVPN deal here âµ https://NordVPN.com/pewdiepie Itâ€™s risk free with Nordâ€™s 30 day money-back guarantee!âœŒ  Get exclusive NordVPN deal here âµ https://NordVPN.com/pewdiepie Itâ€™s risk free with Nordâ€™s 30 day money-back guarantee!âœŒ  Official Æ¿à«¯Ï‰áƒ«É¿à«¯Æ¿É¿à«¯ TikTok: https://www.tiktok.com/@pewdiepie  âˆ Official Æ¿à«¯Ï‰áƒ«É¿à«¯Æ¿É¿à«¯ Infinity Stream: https://www.twitch.tv/pewdiepie  âš™ï¸ My Setup (affiliate links)âš™ï¸ ğŸ–¥ï¸  PC: https://howl.me/clHcdRoIePi ğŸ§ Headphones: https://www.anrdoezrs.net/click-100814745-14330447 ğŸª‘ Chair: https://tinyurl.com/clutchpdp âŒ¨ï¸ ğŸ–±ï¸ Keyboard & Mouse: https://tinyurl.com/ghostpdp  ğŸ‘Ÿ Sneakers: https://howl.me/clHccGkb0M4  ğŸ•¹ï¸ PewDiePie's Tuber Simulator iOS: https://tinyurl.com/tuberIOS Android: https://tinyurl.com/tuberandroid  ğŸ•¹ï¸ PewDiePie's Pixelings iOS: https://tinyurl.com/pixelingsiOS Android: https://tinyurl.com/pixelingsandroid,2024-05-13 17:00:26+00:00,pewdiepie|pewds|pewdie,20,en-US,en-GB,https://i.ytimg.com/vi/Pl6KcYzyvJE/default.jpg,PT32M24S,3063943,143568,4421,public,UC-lHJZR3Gqxm24_Vd_AJ5Yw,PewDiePie,I make videos.,JP,https://yt3.ggpht.com/vik8mAiwHQbXiFyKfZ3__p55_VBdGvwxPpuPJBBwdbF0PjJxikXhrP-C3nLQAMAxGNd_-xQCIg=s88-c-k-c0x00ffffff-no-rj,110000000,4649
KvN8U6cqiu0,Reacting to my Wife's Memes,Get exclusive NordVPN deal here âµ https://NordVPN.com/pewdiepie Itâ€™s risk free with Nordâ€™s 30 day money-back guarantee!âœŒ  ğŸ§#SubscribeğŸ§  Stock Up On â¡ï¸ğŸ¥¤Gfuel (affiliate): https://gfuel.ly/pewdiepie-collection #Code #Pewdiepie  Official Æ¿à«¯Ï‰áƒ«É¿à«¯Æ¿É¿à«¯ TikTok: https://www.tiktok.com/@pewdiepie  âˆ Official Æ¿à«¯Ï‰áƒ«É¿à«¯Æ¿É¿à«¯ Infinity Stream: https://www.twitch.tv/pewdiepie  âš™ï¸ My Setup (affiliate links)âš™ï¸ ğŸ–¥ï¸  PC: https://howl.me/clHcdRoIePi ğŸ§ Headphones: https://www.anrdoezrs.net/click-100814745-14330447 ğŸª‘ Chair: https://tinyurl.com/clutchpdp âŒ¨ï¸ ğŸ–±ï¸ Keyboard & Mouse: https://tinyurl.com/ghostpdp  ğŸ‘Ÿ Sneakers: https://howl.me/clHccGkb0M4  ğŸ•¹ï¸ PewDiePie's Tuber Simulator iOS: https://tinyurl.com/tuberIOS Android: https://tinyurl.com/tuberandroid  ğŸ•¹ï¸ PewDiePie's Pixelings iOS: https://tinyurl.com/pixelingsiOS Android: https://tinyurl.com/pixelingsandroid,2024-04-30 17:31:11+00:00,pewdiepie|pewds|pewdie|marzia|pewdiepie marzia|ylyl|pewdiepie ylyl|pewdiepie memes|memes,24,en-US,en-GB,https://i.ytimg.com/vi/KvN8U6cqiu0/default.jpg,PT15M45S,2480548,162456,3040,public,UC-lHJZR3Gqxm24_Vd_AJ5Yw,PewDiePie,I make videos.,JP,https://yt3.ggpht.com/vik8mAiwHQbXiFyKfZ3__p55_VBdGvwxPpuPJBBwdbF0PjJxikXhrP-C3nLQAMAxGNd_-xQCIg=s88-c-k-c0x00ffffff-no-rj,110000000,4649
17Rw1Lu_iWA,Studied the Slinky for 52 Days Straight..,ğŸ¥¤Gfuel's BOGO on now!!! https://affiliateshop.gfuel.com/pewdiepie #Code #Pewdiepie  ğŸŒ Get exclusive NordVPN deal here âµ https://NordVPN.com/pewdiepie Itâ€™s risk free with Nordâ€™s 30 day money-back guarantee!âœŒ  Official Æ¿à«¯Ï‰áƒ«É¿à«¯Æ¿É¿à«¯ TikTok: https://www.tiktok.com/@pewdiepie  âˆ Official Æ¿à«¯Ï‰áƒ«É¿à«¯Æ¿É¿à«¯ Infinity Stream: https://www.twitch.tv/pewdiepie  âš™ï¸ My Setup (affiliate links)âš™ï¸ ğŸ–¥ï¸  PC: https://howl.me/clHcdRoIePi ğŸ§ Headphones: https://www.anrdoezrs.net/click-100814745-14330447 ğŸª‘ Chair: https://tinyurl.com/clutchpdp âŒ¨ï¸ ğŸ–±ï¸ Keyboard & Mouse: https://tinyurl.com/ghostpdp  ğŸ‘Ÿ Sneakers: https://howl.me/clHccGkb0M4  ğŸ•¹ï¸ PewDiePie's Tuber Simulator iOS: https://tinyurl.com/tuberIOS Android: https://tinyurl.com/tuberandroid  ğŸ•¹ï¸ PewDiePie's Pixelings iOS: https://tinyurl.com/pixelingsiOS Android: https://tinyurl.com/pixelingsandroid,2024-04-25 17:00:02+00:00,pewdiepie|pewds|pewdie,20,en-US,en-GB,https://i.ytimg.com/vi/17Rw1Lu_iWA/default.jpg,PT9M3S,1793727,121674,3852,public,UC-lHJZR3Gqxm24_Vd_AJ5Yw,PewDiePie,I make videos.,JP,https://yt3.ggpht.com/vik8mAiwHQbXiFyKfZ3__p55_VBdGvwxPpuPJBBwdbF0PjJxikXhrP-C3nLQAMAxGNd_-xQCIg=s88-c-k-c0x00ffffff-no-rj,110000000,4649
7qo8dOn3p60,I made him cry..,#ad Go to https://incogni.com/pewdiepie and use code pewdiepie to get an exclusive 60% off an annualÂ IncogniÂ plan.    Get exclusive NordVPN deal here âµ https://NordVPN.com/pewdiepie Itâ€™s risk free with Nordâ€™s 30 day money-back guarantee!âœŒ  Official Æ¿à«¯Ï‰áƒ«É¿à«¯Æ¿É¿à«¯ TikTok: https://www.tiktok.com/@pewdiepie  âˆ Official Æ¿à«¯Ï‰áƒ«É¿à«¯Æ¿É¿à«¯ Infinity Stream: https://www.twitch.tv/pewdiepie  âš™ï¸ My Setup (affiliate links)âš™ï¸ ğŸ–¥ï¸  PC: https://howl.me/clHcdRoIePi ğŸ§ Headphones: https://www.anrdoezrs.net/click-100814745-14330447 ğŸª‘ Chair: https://tinyurl.com/clutchpdp âŒ¨ï¸ ğŸ–±ï¸ Keyboard & Mouse: https://tinyurl.com/ghostpdp  ğŸ‘Ÿ Sneakers: https://howl.me/clHccGkb0M4  ğŸ•¹ï¸ PewDiePie's Tuber Simulator iOS: https://tinyurl.com/tuberIOS Android: https://tinyurl.com/tuberandroid  ğŸ•¹ï¸ PewDiePie's Pixelings iOS: https://tinyurl.com/pixelingsiOS Android: https://tinyurl.com/pixelingsandroid,2024-04-15 22:50:12+00:00,pewdiepie|pewds|pewdie,20,en-US,en-GB,https://i.ytimg.com/vi/7qo8dOn3p60/default.jpg,PT17M13S,2237262,143944,5819,public,UC-lHJZR3Gqxm24_Vd_AJ5Yw,PewDiePie,I make videos.,JP,https://yt3.ggpht.com/vik8mAiwHQbXiFyKfZ3__p55_VBdGvwxPpuPJBBwdbF0PjJxikXhrP-C3nLQAMAxGNd_-xQCIg=s88-c-k-c0x00ffffff-no-rj,110000000,4649
ahx0iw78lUE,Showing Jack my memes,ğŸŒ Get exclusive NordVPN deal here âµ https://NordVPN.com/pewdiepie Itâ€™s risk free with Nordâ€™s 30 day money-backÂ guarantee!âœŒ  ğŸ§#SubscribeğŸ§  Stock Up On â¡ï¸ğŸ¥¤Gfuel (affiliate): https://gfuel.ly/pewdiepie-collection #Code #Pewdiepie  Get exclusive NordVPN deal here âµ https://NordVPN.com/pewdiepie Itâ€™s risk free with Nordâ€™s 30 day money-back guarantee!âœŒ  Official Æ¿à«¯Ï‰áƒ«É¿à«¯Æ¿É¿à«¯ TikTok: https://www.tiktok.com/@pewdiepie  âˆ Official Æ¿à«¯Ï‰áƒ«É¿à«¯Æ¿É¿à«¯ Infinity Stream: https://www.twitch.tv/pewdiepie  âš™ï¸ My Setup (affiliate links)âš™ï¸ ğŸ–¥ï¸  PC: https://howl.me/clHcdRoIePi ğŸ§ Headphones: https://www.anrdoezrs.net/click-100814745-14330447 ğŸª‘ Chair: https://tinyurl.com/clutchpdp âŒ¨ï¸ ğŸ–±ï¸ Keyboard & Mouse: https://tinyurl.com/ghostpdp  ğŸ‘Ÿ Sneakers: https://howl.me/clHccGkb0M4  ğŸ•¹ï¸ PewDiePie's Tuber Simulator iOS: https://tinyurl.com/tuberIOS Android: https://tinyurl.com/tuberandroid  ğŸ•¹ï¸ PewDiePie's Pixelings iOS: https://tinyurl.com/pixelingsiOS Android: https://tinyurl.com/pixelingsandroid,2024-03-31 17:32:47+00:00,pewdiepie|pewds|pewdie|jack|pewdiepie jacksepticeye|jacksepticeye|ylyl|memes|pewdiepie memes|pewdiepie ylyl|pewdiepie jack ylyl,24,en-US,en-GB,https://i.ytimg.com/vi/ahx0iw78lUE/default.jpg,PT39M57S,4555090,234339,5100,public,UC-lHJZR3Gqxm24_Vd_AJ5Yw,PewDiePie,I make videos.,JP,https://yt3.ggpht.com/vik8mAiwHQbXiFyKfZ3__p55_VBdGvwxPpuPJBBwdbF0PjJxikXhrP-C3nLQAMAxGNd_-xQCIg=s88-c-k-c0x00ffffff-no-rj,110000000,4649
cUUuRK3Rm4k,First Stream In Forever! / Haunted House Reaction / Alone in The Dark / Chatting /,#ad Alone in the Dark is out now:  Steam: https://thqn.net/49qk8m4 PS5: https://thqn.net/49vJoXV XBOX: https://thqn.net/49tYw8w,2024-03-23 03:07:27+00:00,pewdiepie|pewds|pewdie,20,en-US,en-GB,https://i.ytimg.com/vi/cUUuRK3Rm4k/default.jpg,PT1H52M52S,815771,36395,574,public,UC-lHJZR3Gqxm24_Vd_AJ5Yw,PewDiePie,I make videos.,JP,https://yt3.ggpht.com/vik8mAiwHQbXiFyKfZ3__p55_VBdGvwxPpuPJBBwdbF0PjJxikXhrP-C3nLQAMAxGNd_-xQCIg=s88-c-k-c0x00ffffff-no-rj,110000000,4649
_flqrzcGhrE,I survived being Alone In The Dark...,Pre-order Alone in the Dark now:Â  Steam: https://thqn.net/49qk8m4 PS5: https://thqn.net/49vJoXV XBOX: https://thqn.net/49tYw8w  Watch other creatorsâ€™ runs:      https://thqn.net/4cbtaWjÂ   Watch the Behind the Scenes video here: https://load.gg/AitDBTSPewDiePie  Watch THQ Nordic's Hero Piece: https://load.gg/AitDHeroPewDiePie   #AloneInTheDarkÂ #ReturnToDercetoÂ #hauntedhouse #ad   -- ğŸ§#SubscribeğŸ§  Stock Up On â¡ï¸ğŸ¥¤Gfuel (affiliate): https://gfuel.ly/pewdiepie-collection #Code #Pewdiepie  Get exclusive NordVPN deal here âµ https://NordVPN.com/pewdiepie Itâ€™s risk free with Nordâ€™s 30 day money-back guarantee!âœŒ  Official Æ¿à«¯Ï‰áƒ«É¿à«¯Æ¿É¿à«¯ TikTok: https://www.tiktok.com/@pewdiepie  âˆ Official Æ¿à«¯Ï‰áƒ«É¿à«¯Æ¿É¿à«¯ Infinity Stream: https://www.twitch.tv/pewdiepie  âš™ï¸ My Setup (affiliate links)âš™ï¸ ğŸ–¥ï¸  PC: https://howl.me/clHcdRoIePi ğŸ§ Headphones:  https://www.anrdoezrs.net/click-100814745-14330447 ğŸª‘ Chair: https://tinyurl.com/clutchpdp âŒ¨ï¸ ğŸ–±ï¸ Keyboard & Mouse: https://tinyurl.com/ghostpdp  ğŸ‘Ÿ Sneakers: https://howl.me/clHccGkb0M4  ğŸ•¹ï¸ PewDiePie's Tuber Simulator iOS: https://tinyurl.com/tuberIOS Android: https://tinyurl.com/tuberandroid  ğŸ•¹ï¸ PewDiePie's Pixelings iOS: https://tinyurl.com/pixelingsiOS Android: https://tinyurl.com/pixelingsandroid,2024-03-15 10:00:28+00:00,pewdiepie|pewds|pewdie,20,en-US,en-GB,https://i.ytimg.com/vi/_flqrzcGhrE/default.jpg,PT24M15S,2276829,139992,3680,public,UC-lHJZR3Gqxm24_Vd_AJ5Yw,PewDiePie,I make videos.,JP,https://yt3.ggpht.com/vik8mAiwHQbXiFyKfZ3__p55_VBdGvwxPpuPJBBwdbF0PjJxikXhrP-C3nLQAMAxGNd_-xQCIg=s88-c-k-c0x00ffffff-no-rj,110000000,4649
YWrFNoTXbKs,Our Winter Trip!,#AD ğŸ•µï¸ CHECK OUT https://www.based.ggğŸ•µï¸     Stock Up On â¡ï¸ğŸ¥¤Gfuel (affiliate): https://gfuel.ly/pewdiepie-collection #Code #Pewdiepie  Get exclusive NordVPN deal here âµ https://NordVPN.com/pewdiepie Itâ€™s risk free with Nordâ€™s 30 day money-back guarantee!âœŒ  Official Æ¿à«¯Ï‰áƒ«É¿à«¯Æ¿É¿à«¯ TikTok: https://www.tiktok.com/@pewdiepie  âˆ Official Æ¿à«¯Ï‰áƒ«É¿à«¯Æ¿É¿à«¯ Infinity Stream: https://www.twitch.tv/pewdiepie  âš™ï¸ My Setup (affiliate links)âš™ï¸ ğŸ–¥ï¸  PC: https://howl.me/clHcdRoIePi ğŸ§ Headphones: https://www.anrdoezrs.net/click-100814745-14330447 ğŸª‘ Chair: https://tinyurl.com/clutchpdp âŒ¨ï¸ ğŸ–±ï¸ Keyboard & Mouse: https://tinyurl.com/ghostpdp  ğŸ‘Ÿ Sneakers: https://howl.me/clHccGkb0M4  ğŸ•¹ï¸ PewDiePie's Tuber Simulator iOS: https://tinyurl.com/tuberIOS Android: https://tinyurl.com/tuberandroid  ğŸ•¹ï¸ PewDiePie's Pixelings iOS: https://tinyurl.com/pixelingsiOS Android: https://tinyurl.com/pixelingsandroid,2024-03-08 17:30:04+00:00,pewdiepie|pewds|pewdie,20,en-US,en-GB,https://i.ytimg.com/vi/YWrFNoTXbKs/default.jpg,PT23M27S,1931377,116752,3797,public,UC-lHJZR3Gqxm24_Vd_AJ5Yw,PewDiePie,I make videos.,JP,https://yt3.ggpht.com/vik8mAiwHQbXiFyKfZ3__p55_VBdGvwxPpuPJBBwdbF0PjJxikXhrP-C3nLQAMAxGNd_-xQCIg=s88-c-k-c0x00ffffff-no-rj,110000000,4649
FcLaxJbWHZs,How a Reddit Post ChangedÂ myÂ Life,ğŸ§#SubscribeğŸ§  Get exclusive NordVPN deal here âµ https://NordVPN.com/pewdiepie Itâ€™s risk free with Nordâ€™s 30 day money-back guarantee!âœŒ  Stock Up On â¡ï¸ğŸ¥¤Gfuel (affiliate): https://gfuel.ly/pewdiepie-collection #Code #Pewdiepie  Official Æ¿à«¯Ï‰áƒ«É¿à«¯Æ¿É¿à«¯ TikTok: https://www.tiktok.com/@pewdiepie  âˆ Official Æ¿à«¯Ï‰áƒ«É¿à«¯Æ¿É¿à«¯ Infinity Stream: https://www.twitch.tv/pewdiepie  âš™ï¸ My Setup (affiliate links)âš™ï¸ ğŸ–¥ï¸  PC: https://howl.me/clHcdRoIePi ğŸ§ Headphones: https://www.anrdoezrs.net/click-100814745-14330447 ğŸª‘ Chair: https://tinyurl.com/clutchpdp âŒ¨ï¸ ğŸ–±ï¸ Keyboard & Mouse: https://tinyurl.com/ghostpdp  ğŸ‘Ÿ Sneakers: https://howl.me/clHccGkb0M4  ğŸ•¹ï¸ PewDiePie's Tuber Simulator iOS: https://tinyurl.com/tuberIOS Android: https://tinyurl.com/tuberandroid  ğŸ•¹ï¸ PewDiePie's Pixelings iOS: https://tinyurl.com/pixelingsiOS Android: https://tinyurl.com/pixelingsandroid,2024-02-29 16:00:16+00:00,pewdiepie|pewds|pewdie|reddit stories|reddit|How a Reddit Post ChangedÂ myÂ Life|climbing|bouldering|climbing beginner|magnus|hardest climb|fitness,24,en-US,en-GB,https://i.ytimg.com/vi/FcLaxJbWHZs/default.jpg,PT18M59S,4773787,267501,7613,public,UC-lHJZR3Gqxm24_Vd_AJ5Yw,PewDiePie,I make videos.,JP,https://yt3.ggpht.com/vik8mAiwHQbXiFyKfZ3__p55_VBdGvwxPpuPJBBwdbF0PjJxikXhrP-C3nLQAMAxGNd_-xQCIg=s88-c-k-c0x00ffffff-no-rj,110000000,4649
