videoId,id,title,description,publishedAt,tags,categoryId,defaultLanguage,defaultAudioLanguage,thumbnails,duration,viewCount,likeCount,commentCount,privacyStatus,duration_seconds,duration_hms,tags_count,video_url,embed_url,channel_id,channel_title,channel_description,country,channel_thumbnail,subscriberCount,videoCount
wG-o4rk_W64,wG-o4rk_W64,they said moving to japan was a mistake..,"Get exclusive NordVPN deal here âµ https://NordVPN.com/pewdiepie Itâ€™s risk free with Nordâ€™s 30 day money-back guarantee!âœŒ

Use code pewdiepie at https://incogni.com/pewdiepie to get an exclusive 60% off.

CHECK OUT MERTZ BOOK: http://www.bjornybearworld.com/

A special thank you to  @LofiGirl    for their musical contribution: https://bit.ly/m/lofi-girl?=lofigirlxpewdiepieandmarzia
Check out our favorite picks: https://open.spotify.com/playlist/6vi97cl0UZD8MZo9kw7zRk

ğŸŒ Get an exclusive 15% discount on Saily data plans! Use code pewdiepie at checkout. Download Saily app or go to https://saily.com/pewdiepie â›µ",2025-09-18T11:08:15Z,"['pewdiepie', 'pewds', 'pewdie']",20,en-US,en-GB,https://i.ytimg.com/vi/wG-o4rk_W64/default.jpg,PT32M28S,467826,38897,2524,public,1948,0:32:28,3,https://www.youtube.com/watch?v=wG-o4rk_W64,https://www.youtube.com/embed/wG-o4rk_W64,UC-lHJZR3Gqxm24_Vd_AJ5Yw,PewDiePie,I make videos.,JP,https://yt3.ggpht.com/vik8mAiwHQbXiFyKfZ3__p55_VBdGvwxPpuPJBBwdbF0PjJxikXhrP-C3nLQAMAxGNd_-xQCIg=s88-c-k-c0x00ffffff-no-rj,110000000,4649
2JzOe1Hs26Q,2JzOe1Hs26Q,Accidentally Built a Nuclear Supercomputer.,"#ad - THE NEW G FUEL FORMULA ğŸ‘‰ https://gfuel.ly/pdp-new-formula

ğŸŒ Get an exclusive 15% discount on Saily data plans! Use code pewdiepie at checkout. Download Saily app or go to https://saily.com/pewdiepie â›µ",2025-08-21T17:00:06Z,"['pewdiepie', 'pewds', 'pewdie']",20,en-US,en-GB,https://i.ytimg.com/vi/2JzOe1Hs26Q/default.jpg,PT25M48S,2225823,173602,9723,public,1548,0:25:48,3,https://www.youtube.com/watch?v=2JzOe1Hs26Q,https://www.youtube.com/embed/2JzOe1Hs26Q,UC-lHJZR3Gqxm24_Vd_AJ5Yw,PewDiePie,I make videos.,JP,https://yt3.ggpht.com/vik8mAiwHQbXiFyKfZ3__p55_VBdGvwxPpuPJBBwdbF0PjJxikXhrP-C3nLQAMAxGNd_-xQCIg=s88-c-k-c0x00ffffff-no-rj,110000000,4649
4T4AoXFDcD8,4T4AoXFDcD8,Can we make it back home?,"Get exclusive NordVPN deal here âµ https://NordVPN.com/pewdiepie Itâ€™s risk free with Nordâ€™s 30 day money-back guarantee!âœŒAD

Use code pewdiepie at https://incogni.com/pewdiepie to get an exclusive 60% off.


A special thank you to @LofiGirl  for their musical contribution: https://bit.ly/m/lofi-girl?=lofigirlxpewdiepieandmarzia
Check out our favorite picks: https://open.spotify.com/playlist/6vi97cl0UZD8MZo9kw7zRk",2025-08-09T17:00:09Z,"['pewdiepie', 'pewds', 'pewdie']",20,en-US,en-GB,https://i.ytimg.com/vi/4T4AoXFDcD8/default.jpg,PT24M48S,1095805,64293,3336,public,1488,0:24:48,3,https://www.youtube.com/watch?v=4T4AoXFDcD8,https://www.youtube.com/embed/4T4AoXFDcD8,UC-lHJZR3Gqxm24_Vd_AJ5Yw,PewDiePie,I make videos.,JP,https://yt3.ggpht.com/vik8mAiwHQbXiFyKfZ3__p55_VBdGvwxPpuPJBBwdbF0PjJxikXhrP-C3nLQAMAxGNd_-xQCIg=s88-c-k-c0x00ffffff-no-rj,110000000,4649
yzSBeCJfhkw,yzSBeCJfhkw,The greatest game of GeoGuessr..,"THANK YOU TO GEOGUESSR FOR SPONSORING THE VIDEO!
Make sure to check out my challenge link & try to beat my World map score: https://www.geoguessr.com/challenge/u1VQm75ISdEMNr2Q  #ad 

Rainbolt https://www.youtube.com/@georainbolt
Ken  https://www.youtube.com/CinnamonToastKen",2025-07-27T16:40:55Z,"['pewdiepie', 'pewds', 'pewdie']",20,en-US,en-GB,https://i.ytimg.com/vi/yzSBeCJfhkw/default.jpg,PT32M59S,3286647,203173,6558,public,1979,0:32:59,3,https://www.youtube.com/watch?v=yzSBeCJfhkw,https://www.youtube.com/embed/yzSBeCJfhkw,UC-lHJZR3Gqxm24_Vd_AJ5Yw,PewDiePie,I make videos.,JP,https://yt3.ggpht.com/vik8mAiwHQbXiFyKfZ3__p55_VBdGvwxPpuPJBBwdbF0PjJxikXhrP-C3nLQAMAxGNd_-xQCIg=s88-c-k-c0x00ffffff-no-rj,110000000,4649
MhRGfNkw3Vo,MhRGfNkw3Vo,This Hit Different This Yearâ€¦ ğŸ‡¸ğŸ‡ª,"ğŸŒ Get an exclusive 15% discount on Saily data plans! Use code pewdiepie at checkout. Download Saily app or go to https://saily.com/pewdiepie â›µ


Get exclusive NordVPN deal here âµ https://NordVPN.com/pewdiepie Itâ€™s risk free with Nordâ€™s 30 day money-back guarantee!âœŒ

ğŸ“° Get ""The Kjellberg Mail"" (family newsletter w Mertz): https://the-kjellberg-mail.beehiiv.com/p/july

Stock Up On â¡ï¸ğŸ¥¤Gfuel (affiliate): https://affiliateshop.gfuel.com/pewdiepie
#Code #Pewdiepie

Get exclusive NordVPN deal here âµ https://NordVPN.com/pewdiepie Itâ€™s risk free with Nordâ€™s 30 day money-back guarantee!âœŒ

ğŸŒ Get an exclusive 15% discount on Saily data plans! Use code pewdiepie at checkout. Download Saily app or go to https://saily.com/pewdiepie â›µ

Official Æ¿à«¯Ï‰áƒ«É¿à«¯Æ¿É¿à«¯ TikTok: https://www.tiktok.com/@pewdiepie

âˆ Official Æ¿à«¯Ï‰áƒ«É¿à«¯Æ¿É¿à«¯ Infinity Stream: https://www.twitch.tv/pewdiepie

âš™ï¸ My Setup (affiliate links)âš™ï¸
ğŸ–¥ï¸  PC: https://howl.me/clHcdRoIePi
ğŸ§ Headphones: https://www.anrdoezrs.net/click-100814745-14330447
ğŸª‘ Chair: https://tinyurl.com/clutchpdp
âŒ¨ï¸ ğŸ–±ï¸ Keyboard & Mouse: https://tinyurl.com/ghostpdp",2025-07-18T15:45:03Z,"['pewdiepie', 'pewds', 'pewdie']",20,en-US,en-GB,https://i.ytimg.com/vi/MhRGfNkw3Vo/default.jpg,PT34M22S,1842135,97511,4175,public,2062,0:34:22,3,https://www.youtube.com/watch?v=MhRGfNkw3Vo,https://www.youtube.com/embed/MhRGfNkw3Vo,UC-lHJZR3Gqxm24_Vd_AJ5Yw,PewDiePie,I make videos.,JP,https://yt3.ggpht.com/vik8mAiwHQbXiFyKfZ3__p55_VBdGvwxPpuPJBBwdbF0PjJxikXhrP-C3nLQAMAxGNd_-xQCIg=s88-c-k-c0x00ffffff-no-rj,110000000,4649
u_Lxkt50xOg,u_Lxkt50xOg,I'm DONE withÂ Google,"#ad - Shop G FUEL https://gfuel.ly/pdp-cb

ğŸŒ Get an exclusive 15% discount on Saily data plans! Use code pewdiepie at checkout. Download Saily app or go to https://saily.com/pewdiepie â›µ

ğŸ§#SubscribeğŸ§

ğŸ“° Get ""The Kjellberg Mail"" (family newsletter w Mertz): https://the-kjellberg-mail.beehiiv.com/p/july

Get exclusive NordVPN deal here âµ https://NordVPN.com/pewdiepie Itâ€™s risk free with Nordâ€™s 30 day money-back guarantee!âœŒ

Official Æ¿à«¯Ï‰áƒ«É¿à«¯Æ¿É¿à«¯ TikTok: https://www.tiktok.com/@pewdiepie

âˆ Official Æ¿à«¯Ï‰áƒ«É¿à«¯Æ¿É¿à«¯ Infinity Stream: https://www.twitch.tv/pewdiepie",2025-06-26T19:01:01Z,"['pewdiepie', 'pewds', 'pewdie']",24,en-US,en-GB,https://i.ytimg.com/vi/u_Lxkt50xOg/default.jpg,PT23M40S,6763814,534702,31400,public,1420,0:23:40,3,https://www.youtube.com/watch?v=u_Lxkt50xOg,https://www.youtube.com/embed/u_Lxkt50xOg,UC-lHJZR3Gqxm24_Vd_AJ5Yw,PewDiePie,I make videos.,JP,https://yt3.ggpht.com/vik8mAiwHQbXiFyKfZ3__p55_VBdGvwxPpuPJBBwdbF0PjJxikXhrP-C3nLQAMAxGNd_-xQCIg=s88-c-k-c0x00ffffff-no-rj,110000000,4649
4uqo-brP3xs,4uqo-brP3xs,This Trip Was NOT What We Planned,"Get exclusive NordVPN deal here âµ https://NordVPN.com/pewdiepie Itâ€™s risk free with Nordâ€™s 30 day money-back guarantee!âœŒ


ğŸ“° Get ""The Kjellberg Mail"" (family newsletter w Mertz): https://the-kjellberg-mail.beehiiv.com/p/july

Stock Up On â¡ï¸ğŸ¥¤Gfuel (affiliate): https://affiliateshop.gfuel.com/pewdiepie
#Code #Pewdiepie

Get exclusive NordVPN deal here âµ https://NordVPN.com/pewdiepie Itâ€™s risk free with Nordâ€™s 30 day money-back guarantee!âœŒ

ğŸŒ Get an exclusive 15% discount on Saily data plans! Use code pewdiepie at checkout. Download Saily app or go to https://saily.com/pewdiepie â›µ

Official Æ¿à«¯Ï‰áƒ«É¿à«¯Æ¿É¿à«¯ TikTok: https://www.tiktok.com/@pewdiepie

âˆ Official Æ¿à«¯Ï‰áƒ«É¿à«¯Æ¿É¿à«¯ Infinity Stream: https://www.twitch.tv/pewdiepie

âš™ï¸ My Setup (affiliate links)âš™ï¸
ğŸ–¥ï¸  PC: https://howl.me/clHcdRoIePi
ğŸ§ Headphones: https://www.anrdoezrs.net/click-100814745-14330447
ğŸª‘ Chair: https://tinyurl.com/clutchpdp
âŒ¨ï¸ ğŸ–±ï¸ Keyboard & Mouse: https://tinyurl.com/ghostpdp",2025-06-15T01:45:01Z,"['pewdiepie', 'pewds', 'pewdie']",20,en-US,en-GB,https://i.ytimg.com/vi/4uqo-brP3xs/default.jpg,PT32M19S,1674058,78951,3633,public,1939,0:32:19,3,https://www.youtube.com/watch?v=4uqo-brP3xs,https://www.youtube.com/embed/4uqo-brP3xs,UC-lHJZR3Gqxm24_Vd_AJ5Yw,PewDiePie,I make videos.,JP,https://yt3.ggpht.com/vik8mAiwHQbXiFyKfZ3__p55_VBdGvwxPpuPJBBwdbF0PjJxikXhrP-C3nLQAMAxGNd_-xQCIg=s88-c-k-c0x00ffffff-no-rj,110000000,4649
pgeTa1PV_40,pgeTa1PV_40,Presenting my Billion Dollar Plan...,"#ad
Use code pewdiepie at https://incogni.com/pewdiepie to get an exclusive 60% off.

ğŸŒ ğŸŒGet an exclusive 15% discount on Saily data plans! Use code pewdiepie at checkout. Download Saily app or go to https://saily.com/pewdiepie â›µ

ğŸ§#SubscribeğŸ§

ğŸ“° Get ""The Kjellberg Mail"" (family newsletter w Mertz): https://the-kjellberg-mail.beehiiv.com/p/july

Stock Up On â¡ï¸ğŸ¥¤Gfuel (affiliate): https://affiliateshop.gfuel.com/pewdiepie
#Code #Pewdiepie

Get exclusive NordVPN deal here âµ https://NordVPN.com/pewdiepie Itâ€™s risk free with Nordâ€™s 30 day money-back guarantee!âœŒ

Official Æ¿à«¯Ï‰áƒ«É¿à«¯Æ¿É¿à«¯ TikTok: https://www.tiktok.com/@pewdiepie

âˆ Official Æ¿à«¯Ï‰áƒ«É¿à«¯Æ¿É¿à«¯ Infinity Stream: https://www.twitch.tv/pewdiepie

âš™ï¸ My Setup (affiliate links)âš™ï¸
ğŸ–¥ï¸  PC: https://howl.me/clHcdRoIePi
ğŸ§ Headphones: https://www.anrdoezrs.net/click-100814745-14330447
ğŸª‘ Chair: https://tinyurl.com/clutchpdp
âŒ¨ï¸ ğŸ–±ï¸ Keyboard & Mouse: https://tinyurl.com/ghostpdp",2025-05-28T15:20:03Z,"['pewdiepie', 'pewds', 'pewdie']",24,en-US,en-GB,https://i.ytimg.com/vi/pgeTa1PV_40/default.jpg,PT22M25S,3316820,237361,10695,public,1345,0:22:25,3,https://www.youtube.com/watch?v=pgeTa1PV_40,https://www.youtube.com/embed/pgeTa1PV_40,UC-lHJZR3Gqxm24_Vd_AJ5Yw,PewDiePie,I make videos.,JP,https://yt3.ggpht.com/vik8mAiwHQbXiFyKfZ3__p55_VBdGvwxPpuPJBBwdbF0PjJxikXhrP-C3nLQAMAxGNd_-xQCIg=s88-c-k-c0x00ffffff-no-rj,110000000,4649
qGXtMENJDps,qGXtMENJDps,Cycle across Japan!,"â¡ï¸ğŸ¥¤Gfuel (ad): https://creator.gfuel.com/bogo-pewdiepie 

Get exclusive NordVPN deal here âµ https://NordVPN.com/pewdiepie Itâ€™s risk free with Nordâ€™s 30 day money-back guarantee!âœŒ

Official Æ¿à«¯Ï‰áƒ«É¿à«¯Æ¿É¿à«¯ TikTok: https://www.tiktok.com/@pewdiepie

âˆ Official Æ¿à«¯Ï‰áƒ«É¿à«¯Æ¿É¿à«¯ Infinity Stream: https://www.twitch.tv/pewdiepie

âš™ï¸ My Setup (affiliate links)âš™ï¸
ğŸª‘ Chair: https://tinyurl.com/clutchpdp
âŒ¨ï¸ ğŸ–±ï¸ Keyboard & Mouse: https://tinyurl.com/ghostpdp",2025-05-16T01:15:06Z,"['pewdiepie', 'pewds', 'pewdie']",20,en-US,en-GB,https://i.ytimg.com/vi/qGXtMENJDps/default.jpg,PT32M3S,1296128,68748,2947,public,1923,0:32:03,3,https://www.youtube.com/watch?v=qGXtMENJDps,https://www.youtube.com/embed/qGXtMENJDps,UC-lHJZR3Gqxm24_Vd_AJ5Yw,PewDiePie,I make videos.,JP,https://yt3.ggpht.com/vik8mAiwHQbXiFyKfZ3__p55_VBdGvwxPpuPJBBwdbF0PjJxikXhrP-C3nLQAMAxGNd_-xQCIg=s88-c-k-c0x00ffffff-no-rj,110000000,4649
pVI_smLgTY0,pVI_smLgTY0,I installed Linux (so shouldÂ you),"#ad - Shop Gfuel sale: https://creator.gfuel.com/pewdiepie 

ğŸ§#SubscribeğŸ§

ğŸŒ Get an exclusive 15% discount on Saily data plans! Use code pewdiepie at checkout. Download Saily app or go to https://saily.com/pewdiepie â›µ

ğŸ“° Get ""The Kjellberg Mail"" (family newsletter w Mertz): https://the-kjellberg-mail.beehiiv.com/p/july

Stock Up On â¡ï¸ğŸ¥¤Gfuel (affiliate): https://affiliateshop.gfuel.com/pewdiepie
#Code #Pewdiepie

Get exclusive NordVPN deal here âµ https://NordVPN.com/pewdiepie Itâ€™s risk free with Nordâ€™s 30 day money-back guarantee!âœŒ

Official Æ¿à«¯Ï‰áƒ«É¿à«¯Æ¿É¿à«¯ TikTok: https://www.tiktok.com/@pewdiepie

âˆ Official Æ¿à«¯Ï‰áƒ«É¿à«¯Æ¿É¿à«¯ Infinity Stream: https://www.twitch.tv/pewdiepie

âš™ï¸ My Setup (affiliate links)âš™ï¸
ğŸ–¥ï¸  PC: https://howl.me/clHcdRoIePi
ğŸ§ Headphones: https://www.anrdoezrs.net/click-100814745-14330447
ğŸª‘ Chair: https://tinyurl.com/clutchpdp
âŒ¨ï¸ ğŸ–±ï¸ Keyboard & Mouse: https://tinyurl.com/ghostpdp",2025-04-26T21:29:28Z,"['pewdiepie', 'pewds', 'pewdie']",20,en-US,en-GB,https://i.ytimg.com/vi/pVI_smLgTY0/default.jpg,PT22M53S,6752442,336708,24865,public,1373,0:22:53,3,https://www.youtube.com/watch?v=pVI_smLgTY0,https://www.youtube.com/embed/pVI_smLgTY0,UC-lHJZR3Gqxm24_Vd_AJ5Yw,PewDiePie,I make videos.,JP,https://yt3.ggpht.com/vik8mAiwHQbXiFyKfZ3__p55_VBdGvwxPpuPJBBwdbF0PjJxikXhrP-C3nLQAMAxGNd_-xQCIg=s88-c-k-c0x00ffffff-no-rj,110000000,4649
tMIDpbmFoL8,tMIDpbmFoL8,We bought Land in Japan,"ğŸŒ Get an exclusive 15% discount on Saily data plans! Use code pewdiepie at checkout. Download Saily app or go to https://saily.com/pewdiepie â›µ




ğŸ“° Get ""The Kjellberg Mail"" (family newsletter w Mertz): https://the-kjellberg-mail.beehiiv.com/p/july

Stock Up On â¡ï¸ğŸ¥¤Gfuel (affiliate): https://affiliateshop.gfuel.com/pewdiepie
#Code #Pewdiepie

Get exclusive NordVPN deal here âµ https://NordVPN.com/pewdiepie Itâ€™s risk free with Nordâ€™s 30 day money-back guarantee!âœŒ

ğŸŒ Get an exclusive 15% discount on Saily data plans! Use code pewdiepie at checkout. Download Saily app or go to https://saily.com/pewdiepie â›µ

Official Æ¿à«¯Ï‰áƒ«É¿à«¯Æ¿É¿à«¯ TikTok: https://www.tiktok.com/@pewdiepie

âˆ Official Æ¿à«¯Ï‰áƒ«É¿à«¯Æ¿É¿à«¯ Infinity Stream: https://www.twitch.tv/pewdiepie

âš™ï¸ My Setup (affiliate links)âš™ï¸
ğŸ–¥ï¸  PC: https://howl.me/clHcdRoIePi
ğŸ§ Headphones: https://www.anrdoezrs.net/click-100814745-14330447
ğŸª‘ Chair: https://tinyurl.com/clutchpdp
âŒ¨ï¸ ğŸ–±ï¸ Keyboard & Mouse: https://tinyurl.com/ghostpdp

ğŸ‘Ÿ Sneakers: https://howl.me/clHccGkb0M4

ğŸ•¹ï¸ PewDiePie's Tuber Simulator
iOS: https://tinyurl.com/tuberIOS
Android: https://tinyurl.com/tuberandroid

ğŸ•¹ï¸ PewDiePie's Pixelings
iOS: https://tinyurl.com/pixelingsiOS
Android: https://tinyurl.com/pixelingsandroid",2025-04-11T17:01:10Z,"['pewdiepie', 'pewds', 'pewdie']",20,en-US,en-GB,https://i.ytimg.com/vi/tMIDpbmFoL8/default.jpg,PT41M55S,4176694,193913,7549,public,2515,0:41:55,3,https://www.youtube.com/watch?v=tMIDpbmFoL8,https://www.youtube.com/embed/tMIDpbmFoL8,UC-lHJZR3Gqxm24_Vd_AJ5Yw,PewDiePie,I make videos.,JP,https://yt3.ggpht.com/vik8mAiwHQbXiFyKfZ3__p55_VBdGvwxPpuPJBBwdbF0PjJxikXhrP-C3nLQAMAxGNd_-xQCIg=s88-c-k-c0x00ffffff-no-rj,110000000,4649
iphxJqWZX1Y,iphxJqWZX1Y,30 Day Dream Challenge.,"Use code pewdiepie at https://incogni.com/pewdiepie to get an exclusive 60% off an annual IncogniÂ plan.Â #ad

ğŸ§#SubscribeğŸ§

ğŸ“° Get ""The Kjellberg Mail"" (family newsletter w Mertz): https://the-kjellberg-mail.beehiiv.com/p/july

Stock Up On â¡ï¸ğŸ¥¤Gfuel (affiliate): https://affiliateshop.gfuel.com/pewdiepie
#Code #Pewdiepie

Get exclusive NordVPN deal here âµ https://NordVPN.com/pewdiepie Itâ€™s risk free with Nordâ€™s 30 day money-back guarantee!âœŒ

ğŸŒ Get an exclusive 15% discount on Saily data plans! Use code pewdiepie at checkout. Download Saily app or go to https://saily.com/pewdiepie â›µ

Official Æ¿à«¯Ï‰áƒ«É¿à«¯Æ¿É¿à«¯ TikTok: https://www.tiktok.com/@pewdiepie

âˆ Official Æ¿à«¯Ï‰áƒ«É¿à«¯Æ¿É¿à«¯ Infinity Stream: https://www.twitch.tv/pewdiepie

âš™ï¸ My Setup (affiliate links)âš™ï¸
ğŸ–¥ï¸  PC: https://howl.me/clHcdRoIePi
ğŸ§ Headphones: https://www.anrdoezrs.net/click-100814745-14330447
ğŸª‘ Chair: https://tinyurl.com/clutchpdp
âŒ¨ï¸ ğŸ–±ï¸ Keyboard & Mouse: https://tinyurl.com/ghostpdp

ğŸ‘Ÿ Sneakers: https://howl.me/clHccGkb0M4

ğŸ•¹ï¸ PewDiePie's Tuber Simulator
iOS: https://tinyurl.com/tuberIOS
Android: https://tinyurl.com/tuberandroid

ğŸ•¹ï¸ PewDiePie's Pixelings
iOS: https://tinyurl.com/pixelingsiOS
Android: https://tinyurl.com/pixelingsandroid",2025-03-31T17:40:07Z,"['pewdiepie', 'pewds', 'pewdie']",24,en-US,en-GB,https://i.ytimg.com/vi/iphxJqWZX1Y/default.jpg,PT14M17S,1294369,101340,5165,public,857,0:14:17,3,https://www.youtube.com/watch?v=iphxJqWZX1Y,https://www.youtube.com/embed/iphxJqWZX1Y,UC-lHJZR3Gqxm24_Vd_AJ5Yw,PewDiePie,I make videos.,JP,https://yt3.ggpht.com/vik8mAiwHQbXiFyKfZ3__p55_VBdGvwxPpuPJBBwdbF0PjJxikXhrP-C3nLQAMAxGNd_-xQCIg=s88-c-k-c0x00ffffff-no-rj,110000000,4649
UDVOuh-LDx8,UDVOuh-LDx8,We finally decided.,"Get exclusive NordVPN deal here âµ https://NordVPN.com/pewdiepie Itâ€™s risk free with Nordâ€™s 30 day money-back guarantee!âœŒ

ğŸŒ Get an exclusive 15% discount on Saily data plans! Use code pewdiepie at checkout. Download Saily app or go to https://saily.com/pewdiepie â›µ

Official Æ¿à«¯Ï‰áƒ«É¿à«¯Æ¿É¿à«¯ TikTok: https://www.tiktok.com/@pewdiepie

âˆ Official Æ¿à«¯Ï‰áƒ«É¿à«¯Æ¿É¿à«¯ Infinity Stream: https://www.twitch.tv/pewdiepie

âš™ï¸ My Setup (affiliate links)âš™ï¸
ğŸ–¥ï¸  PC: https://howl.me/clHcdRoIePi
ğŸ§ Headphones: https://www.anrdoezrs.net/click-100814745-14330447
ğŸª‘ Chair: https://tinyurl.com/clutchpdp
âŒ¨ï¸ ğŸ–±ï¸ Keyboard & Mouse: https://tinyurl.com/ghostpdp

ğŸ‘Ÿ Sneakers: https://howl.me/clHccGkb0M4

ğŸ•¹ï¸ PewDiePie's Tuber Simulator
iOS: https://tinyurl.com/tuberIOS
Android: https://tinyurl.com/tuberandroid

ğŸ•¹ï¸ PewDiePie's Pixelings
iOS: https://tinyurl.com/pixelingsiOS
Android: https://tinyurl.com/pixelingsandroid",2025-03-14T17:00:36Z,"['pewdiepie', 'pewds', 'pewdie']",20,en-US,en-GB,https://i.ytimg.com/vi/UDVOuh-LDx8/default.jpg,PT29M9S,3835709,208801,7975,public,1749,0:29:09,3,https://www.youtube.com/watch?v=UDVOuh-LDx8,https://www.youtube.com/embed/UDVOuh-LDx8,UC-lHJZR3Gqxm24_Vd_AJ5Yw,PewDiePie,I make videos.,JP,https://yt3.ggpht.com/vik8mAiwHQbXiFyKfZ3__p55_VBdGvwxPpuPJBBwdbF0PjJxikXhrP-C3nLQAMAxGNd_-xQCIg=s88-c-k-c0x00ffffff-no-rj,110000000,4649
14Rd_h9V4tQ,14Rd_h9V4tQ,WHY DID I PLAY THIS?! ((((((So Scary!)))))),"Poppy Playtime Chapter 2
#ad - Grab the limited edition Playtime Cooler Collectorâ€™s Box: https://creator.gfuel.com/pewdiepie

Get exclusive NordVPN deal here âµ https://NordVPN.com/pewdiepie Itâ€™s risk free with Nordâ€™s 30 day money-back guarantee!âœŒ

ğŸŒ Get an exclusive 15% discount on Saily data plans! Use code pewdiepie at checkout. Download Saily app or go to https://saily.com/pewdiepie â›µ

Official Æ¿à«¯Ï‰áƒ«É¿à«¯Æ¿É¿à«¯ TikTok: https://www.tiktok.com/@pewdiepie

âˆ Official Æ¿à«¯Ï‰áƒ«É¿à«¯Æ¿É¿à«¯ Infinity Stream: https://www.twitch.tv/pewdiepie

âš™ï¸ My Setup (affiliate links)âš™ï¸
ğŸ–¥ï¸  PC: https://howl.me/clHcdRoIePi
ğŸ§ Headphones: https://www.anrdoezrs.net/click-100814745-14330447
ğŸª‘ Chair: https://tinyurl.com/clutchpdp
âŒ¨ï¸ ğŸ–±ï¸ Keyboard & Mouse: https://tinyurl.com/ghostpdp

ğŸ‘Ÿ Sneakers: https://howl.me/clHccGkb0M4

ğŸ•¹ï¸ PewDiePie's Tuber Simulator
iOS: https://tinyurl.com/tuberIOS
Android: https://tinyurl.com/tuberandroid

ğŸ•¹ï¸ PewDiePie's Pixelings
iOS: https://tinyurl.com/pixelingsiOS
Android: https://tinyurl.com/pixelingsandroid",2025-02-28T01:38:58Z,"['pewdiepie', 'pewds', 'pewdie']",20,en-US,en-GB,https://i.ytimg.com/vi/14Rd_h9V4tQ/default.jpg,PT35M,1422123,79678,4350,public,2100,0:35:00,3,https://www.youtube.com/watch?v=14Rd_h9V4tQ,https://www.youtube.com/embed/14Rd_h9V4tQ,UC-lHJZR3Gqxm24_Vd_AJ5Yw,PewDiePie,I make videos.,JP,https://yt3.ggpht.com/vik8mAiwHQbXiFyKfZ3__p55_VBdGvwxPpuPJBBwdbF0PjJxikXhrP-C3nLQAMAxGNd_-xQCIg=s88-c-k-c0x00ffffff-no-rj,110000000,4649
tsu0Rw3Nqi8,tsu0Rw3Nqi8,My First Gaming PC Build... (very easy),"ğŸŒ Get exclusive NordVPN deal here âµ https://NordVPN.com/pewdiepie Itâ€™s risk free with Nordâ€™s 30 day money-back guarantee!âœŒ


Get an exclusive 15% discount on Saily data plans! Use code pewdiepie at checkout. Download Saily app or go to https://saily.com/pewdiepie â›µ

Official Æ¿à«¯Ï‰áƒ«É¿à«¯Æ¿É¿à«¯ TikTok: https://www.tiktok.com/@pewdiepie

âˆ Official Æ¿à«¯Ï‰áƒ«É¿à«¯Æ¿É¿à«¯ Infinity Stream: https://www.twitch.tv/pewdiepie

âš™ï¸ My Setup (affiliate links)âš™ï¸
ğŸ–¥ï¸  PC: https://howl.me/clHcdRoIePi
ğŸ§ Headphones: https://www.anrdoezrs.net/click-100814745-14330447
ğŸª‘ Chair: https://tinyurl.com/clutchpdp
âŒ¨ï¸ ğŸ–±ï¸ Keyboard & Mouse: https://tinyurl.com/ghostpdp

ğŸ‘Ÿ Sneakers: https://howl.me/clHccGkb0M4

ğŸ•¹ï¸ PewDiePie's Tuber Simulator
iOS: https://tinyurl.com/tuberIOS
Android: https://tinyurl.com/tuberandroid

ğŸ•¹ï¸ PewDiePie's Pixelings
iOS: https://tinyurl.com/pixelingsiOS
Android: https://tinyurl.com/pixelingsandroid",2025-02-21T17:01:17Z,"['pewdiepie', 'pewds', 'pewdie']",24,en-US,en-GB,https://i.ytimg.com/vi/tsu0Rw3Nqi8/default.jpg,PT26M12S,4696881,235059,10162,public,1572,0:26:12,3,https://www.youtube.com/watch?v=tsu0Rw3Nqi8,https://www.youtube.com/embed/tsu0Rw3Nqi8,UC-lHJZR3Gqxm24_Vd_AJ5Yw,PewDiePie,I make videos.,JP,https://yt3.ggpht.com/vik8mAiwHQbXiFyKfZ3__p55_VBdGvwxPpuPJBBwdbF0PjJxikXhrP-C3nLQAMAxGNd_-xQCIg=s88-c-k-c0x00ffffff-no-rj,110000000,4649
nrzrkiu5nyI,nrzrkiu5nyI,I SAID I'D NEVER RETURN HERE............,"ğŸŒ Get an exclusive 15% discount on Saily data plans! Use code pewdiepie at checkout. Download Saily app or go to https://saily.com/pewdiepie â›µ



ğŸ“° Get ""The Kjellberg Mail"" (family newsletter w Mertz): https://the-kjellberg-mail.beehiiv.com/p/july

Stock Up On â¡ï¸ğŸ¥¤Gfuel (affiliate): https://affiliateshop.gfuel.com/pewdiepie
#Code #Pewdiepie

Get exclusive NordVPN deal here âµ https://NordVPN.com/pewdiepie Itâ€™s risk free with Nordâ€™s 30 day money-back guarantee!âœŒ

Official Æ¿à«¯Ï‰áƒ«É¿à«¯Æ¿É¿à«¯ TikTok: https://www.tiktok.com/@pewdiepie

âˆ Official Æ¿à«¯Ï‰áƒ«É¿à«¯Æ¿É¿à«¯ Infinity Stream: https://www.twitch.tv/pewdiepie

âš™ï¸ My Setup (affiliate links)âš™ï¸
ğŸ–¥ï¸  PC: https://howl.me/clHcdRoIePi
ğŸ§ Headphones: https://www.anrdoezrs.net/click-100814745-14330447
ğŸª‘ Chair: https://tinyurl.com/clutchpdp
âŒ¨ï¸ ğŸ–±ï¸ Keyboard & Mouse: https://tinyurl.com/ghostpdp

ğŸ‘Ÿ Sneakers: https://howl.me/clHccGkb0M4

ğŸ•¹ï¸ PewDiePie's Tuber Simulator
iOS: https://tinyurl.com/tuberIOS
Android: https://tinyurl.com/tuberandroid

ğŸ•¹ï¸ PewDiePie's Pixelings
iOS: https://tinyurl.com/pixelingsiOS
Android: https://tinyurl.com/pixelingsandroid",2025-02-14T17:15:08Z,"['pewdiepie', 'pewds', 'pewdie']",20,en-US,en-GB,https://i.ytimg.com/vi/nrzrkiu5nyI/default.jpg,PT21M41S,3121179,193480,7110,public,1301,0:21:41,3,https://www.youtube.com/watch?v=nrzrkiu5nyI,https://www.youtube.com/embed/nrzrkiu5nyI,UC-lHJZR3Gqxm24_Vd_AJ5Yw,PewDiePie,I make videos.,JP,https://yt3.ggpht.com/vik8mAiwHQbXiFyKfZ3__p55_VBdGvwxPpuPJBBwdbF0PjJxikXhrP-C3nLQAMAxGNd_-xQCIg=s88-c-k-c0x00ffffff-no-rj,110000000,4649
sL1UPpgBH7I,sL1UPpgBH7I,I Found My Wife's Meme Folder....,"ğŸ›ï¸ SHOP G FUELâ€™s NEWEST INNOVATION: https://creator.gfuel.com/pewdiepie

ğŸŒ Get exclusive NordVPN deal here âµ  https://NordVPN.com/pewdiepie Itâ€™s risk free with Nordâ€™s 30 day money-back guarantee!âœŒ

ğŸŒ Get an exclusive 15% discount on Saily data plans! Use code pewdiepie at checkout. Download Saily app or go to https://saily.com/pewdiepie â›µ

Official Æ¿à«¯Ï‰áƒ«É¿à«¯Æ¿É¿à«¯ TikTok: https://www.tiktok.com/@pewdiepie

âˆ Official Æ¿à«¯Ï‰áƒ«É¿à«¯Æ¿É¿à«¯ Infinity Stream: https://www.twitch.tv/pewdiepie

âš™ï¸ My Setup (affiliate links)âš™ï¸
ğŸ–¥ï¸  PC: https://howl.me/clHcdRoIePi
ğŸ§ Headphones: https://www.anrdoezrs.net/click-100814745-14330447
ğŸª‘ Chair: https://tinyurl.com/clutchpdp
âŒ¨ï¸ ğŸ–±ï¸ Keyboard & Mouse: https://tinyurl.com/ghostpdp

ğŸ‘Ÿ Sneakers: https://howl.me/clHccGkb0M4

ğŸ•¹ï¸ PewDiePie's Tuber Simulator
iOS: https://tinyurl.com/tuberIOS
Android: https://tinyurl.com/tuberandroid

ğŸ•¹ï¸ PewDiePie's Pixelings
iOS: https://tinyurl.com/pixelingsiOS
Android: https://tinyurl.com/pixelingsandroid",2025-01-30T17:01:02Z,"['pewdiepie', 'pewds', 'pewdie']",24,en-US,en-GB,https://i.ytimg.com/vi/sL1UPpgBH7I/default.jpg,PT16M45S,2016882,138512,3968,public,1005,0:16:45,3,https://www.youtube.com/watch?v=sL1UPpgBH7I,https://www.youtube.com/embed/sL1UPpgBH7I,UC-lHJZR3Gqxm24_Vd_AJ5Yw,PewDiePie,I make videos.,JP,https://yt3.ggpht.com/vik8mAiwHQbXiFyKfZ3__p55_VBdGvwxPpuPJBBwdbF0PjJxikXhrP-C3nLQAMAxGNd_-xQCIg=s88-c-k-c0x00ffffff-no-rj,110000000,4649
OZI0oOfRFp4,OZI0oOfRFp4,Our Family is Growing..,"Get exclusive NordVPN deal here âµ https://NordVPN.com/pewdiepie Itâ€™s risk free with Nordâ€™s 30 day money-back guarantee!âœŒ

ğŸŒ Get an exclusive 15% discount on Saily data plans! Use code pewdiepie at checkout. Download Saily app or go to https://saily.com/pewdiepie â›µ

Official Æ¿à«¯Ï‰áƒ«É¿à«¯Æ¿É¿à«¯ TikTok: https://www.tiktok.com/@pewdiepie

âˆ Official Æ¿à«¯Ï‰áƒ«É¿à«¯Æ¿É¿à«¯ Infinity Stream: https://www.twitch.tv/pewdiepie

âš™ï¸ My Setup (affiliate links)âš™ï¸
ğŸ–¥ï¸  PC: https://howl.me/clHcdRoIePi
ğŸ§ Headphones: https://www.anrdoezrs.net/click-100814745-14330447
ğŸª‘ Chair: https://tinyurl.com/clutchpdp
âŒ¨ï¸ ğŸ–±ï¸ Keyboard & Mouse: https://tinyurl.com/ghostpdp

ğŸ‘Ÿ Sneakers: https://howl.me/clHccGkb0M4

ğŸ•¹ï¸ PewDiePie's Tuber Simulator
iOS: https://tinyurl.com/tuberIOS
Android: https://tinyurl.com/tuberandroid

ğŸ•¹ï¸ PewDiePie's Pixelings
iOS: https://tinyurl.com/pixelingsiOS
Android: https://tinyurl.com/pixelingsandroid",2025-01-08T19:09:55Z,"['pewdiepie', 'pewds', 'pewdie']",20,en-US,en-GB,https://i.ytimg.com/vi/OZI0oOfRFp4/default.jpg,PT30M58S,3981274,216409,8621,public,1858,0:30:58,3,https://www.youtube.com/watch?v=OZI0oOfRFp4,https://www.youtube.com/embed/OZI0oOfRFp4,UC-lHJZR3Gqxm24_Vd_AJ5Yw,PewDiePie,I make videos.,JP,https://yt3.ggpht.com/vik8mAiwHQbXiFyKfZ3__p55_VBdGvwxPpuPJBBwdbF0PjJxikXhrP-C3nLQAMAxGNd_-xQCIg=s88-c-k-c0x00ffffff-no-rj,110000000,4649
yfQAnBol6Jw,yfQAnBol6Jw,Giving you guys a chance....,"ğŸŒ Get exclusive NordVPN deal here âµ  https://NordVPN.com/pewdiepie Itâ€™s risk free with Nordâ€™s 30 day money-backÂ guarantee!âœŒ

ğŸ§#SubscribeğŸ§

ğŸ“° Get ""The Kjellberg Mail"" (family newsletter w Mertz): https://the-kjellberg-mail.beehiiv.com/p/july

Stock Up On â¡ï¸ğŸ¥¤Gfuel (affiliate): https://affiliateshop.gfuel.com/pewdiepie
#Code #Pewdiepie

ğŸŒ Get an exclusive 15% discount on Saily data plans! Use code pewdiepie at checkout. Download Saily app or go to https://saily.com/pewdiepie â›µ

Official Æ¿à«¯Ï‰áƒ«É¿à«¯Æ¿É¿à«¯ TikTok: https://www.tiktok.com/@pewdiepie

âˆ Official Æ¿à«¯Ï‰áƒ«É¿à«¯Æ¿É¿à«¯ Infinity Stream: https://www.twitch.tv/pewdiepie

âš™ï¸ My Setup (affiliate links)âš™ï¸
ğŸ–¥ï¸  PC: https://howl.me/clHcdRoIePi
ğŸ§ Headphones: https://www.anrdoezrs.net/click-100814745-14330447
ğŸª‘ Chair: https://tinyurl.com/clutchpdp
âŒ¨ï¸ ğŸ–±ï¸ Keyboard & Mouse: https://tinyurl.com/ghostpdp

ğŸ‘Ÿ Sneakers: https://howl.me/clHccGkb0M4

ğŸ•¹ï¸ PewDiePie's Tuber Simulator
iOS: https://tinyurl.com/tuberIOS
Android: https://tinyurl.com/tuberandroid

ğŸ•¹ï¸ PewDiePie's Pixelings
iOS: https://tinyurl.com/pixelingsiOS
Android: https://tinyurl.com/pixelingsandroid",2024-12-23T17:00:59Z,"['pewdiepie', 'pewds', 'pewdie']",20,en-US,en-GB,https://i.ytimg.com/vi/yfQAnBol6Jw/default.jpg,PT21M45S,2490620,147780,5901,public,1305,0:21:45,3,https://www.youtube.com/watch?v=yfQAnBol6Jw,https://www.youtube.com/embed/yfQAnBol6Jw,UC-lHJZR3Gqxm24_Vd_AJ5Yw,PewDiePie,I make videos.,JP,https://yt3.ggpht.com/vik8mAiwHQbXiFyKfZ3__p55_VBdGvwxPpuPJBBwdbF0PjJxikXhrP-C3nLQAMAxGNd_-xQCIg=s88-c-k-c0x00ffffff-no-rj,110000000,4649
Jzk5gbWQaT8,Jzk5gbWQaT8,This Month Was Tough on Us..,"#Stock Up On â¡ï¸ğŸ¥¤Gfuel (affiliate): https://affiliateshop.gfuel.com/pewdiepie

#Pewdiepie #vlog #japan 

Get exclusive NordVPN deal here âµ https://NordVPN.com/pewdiepie Itâ€™s risk free with Nordâ€™s 30 day money-back guarantee!âœŒ

ğŸŒ Get an exclusive 15% discount on Saily data plans! Use code pewdiepie at checkout. Download Saily app or go to https://saily.com/pewdiepie â›µ

Official Æ¿à«¯Ï‰áƒ«É¿à«¯Æ¿É¿à«¯ TikTok: https://www.tiktok.com/@pewdiepie

âˆ Official Æ¿à«¯Ï‰áƒ«É¿à«¯Æ¿É¿à«¯ Infinity Stream: https://www.twitch.tv/pewdiepie

âš™ï¸ My Setup (affiliate links)âš™ï¸
ğŸ–¥ï¸  PC: https://howl.me/clHcdRoIePi
ğŸ§ Headphones: https://www.anrdoezrs.net/click-100814745-14330447
ğŸª‘ Chair: https://tinyurl.com/clutchpdp
âŒ¨ï¸ ğŸ–±ï¸ Keyboard & Mouse: https://tinyurl.com/ghostpdp

ğŸ‘Ÿ Sneakers: https://howl.me/clHccGkb0M4

ğŸ•¹ï¸ PewDiePie's Tuber Simulator
iOS: https://tinyurl.com/tuberIOS
Android: https://tinyurl.com/tuberandroid

ğŸ•¹ï¸ PewDiePie's Pixelings
iOS: https://tinyurl.com/pixelingsiOS
Android: https://tinyurl.com/pixelingsandroid",2024-12-15T17:00:27Z,"['pewdiepie', 'pewds', 'pewdie']",22,en-US,en-GB,https://i.ytimg.com/vi/Jzk5gbWQaT8/default.jpg,PT25M39S,2814383,133260,4055,public,1539,0:25:39,3,https://www.youtube.com/watch?v=Jzk5gbWQaT8,https://www.youtube.com/embed/Jzk5gbWQaT8,UC-lHJZR3Gqxm24_Vd_AJ5Yw,PewDiePie,I make videos.,JP,https://yt3.ggpht.com/vik8mAiwHQbXiFyKfZ3__p55_VBdGvwxPpuPJBBwdbF0PjJxikXhrP-C3nLQAMAxGNd_-xQCIg=s88-c-k-c0x00ffffff-no-rj,110000000,4649
8fLZQYiI3mg,8fLZQYiI3mg,Podcasts have gone too far..,"ğŸ¥¤ Get your GFuel: https://creator.gfuel.com/bogo-pewdiepie

ğŸ’¥ Get exclusive NordVPN deal here âµ
https://NordVPN.com/pewdiepie Itâ€™s risk free with Nordâ€™s 30 day money-backÂ guarantee!âœŒ

ğŸ§#SubscribeğŸ§

ğŸ“° Get ""The Kjellberg Mail"" (family newsletter w Mertz): https://the-kjellberg-mail.beehiiv.com/p/july

ğŸŒ Get an exclusive 15% discount on Saily data plans! Use code pewdiepie at checkout. Download Saily app or go to https://saily.com/pewdiepie â›µ

Official Æ¿à«¯Ï‰áƒ«É¿à«¯Æ¿É¿à«¯ TikTok: https://www.tiktok.com/@pewdiepie

âˆ Official Æ¿à«¯Ï‰áƒ«É¿à«¯Æ¿É¿à«¯ Infinity Stream: https://www.twitch.tv/pewdiepie

âš™ï¸ My Setup (affiliate links)âš™ï¸
ğŸ–¥ï¸  PC: https://howl.me/clHcdRoIePi
ğŸ§ Headphones: https://www.anrdoezrs.net/click-100814745-14330447
ğŸª‘ Chair: https://tinyurl.com/clutchpdp
âŒ¨ï¸ ğŸ–±ï¸ Keyboard & Mouse: https://tinyurl.com/ghostpdp

ğŸ‘Ÿ Sneakers: https://howl.me/clHccGkb0M4

ğŸ•¹ï¸ PewDiePie's Tuber Simulator
iOS: https://tinyurl.com/tuberIOS
Android: https://tinyurl.com/tuberandroid

ğŸ•¹ï¸ PewDiePie's Pixelings
iOS: https://tinyurl.com/pixelingsiOS
Android: https://tinyurl.com/pixelingsandroid",2024-11-28T17:00:15Z,"['pewdiepie', 'pewds', 'pewdie']",24,en-US,en-GB,https://i.ytimg.com/vi/8fLZQYiI3mg/default.jpg,PT23M16S,2295387,107984,4765,public,1396,0:23:16,3,https://www.youtube.com/watch?v=8fLZQYiI3mg,https://www.youtube.com/embed/8fLZQYiI3mg,UC-lHJZR3Gqxm24_Vd_AJ5Yw,PewDiePie,I make videos.,JP,https://yt3.ggpht.com/vik8mAiwHQbXiFyKfZ3__p55_VBdGvwxPpuPJBBwdbF0PjJxikXhrP-C3nLQAMAxGNd_-xQCIg=s88-c-k-c0x00ffffff-no-rj,110000000,4649
vCqZQOqUiqo,vCqZQOqUiqo,Happy Wheels in 2024 is crazy..,"ğŸ’¥ Get exclusive NordVPN deal here âµ https://NordVPN.com/pewdiepie Itâ€™s risk free with Nordâ€™s 30 day money-back guarantee!âœŒ

ğŸ“° Get ""The Kjellberg Mail"" (family newsletter w Mertz): https://the-kjellberg-mail.beehiiv.com/p/july

Stock Up On â¡ï¸ğŸ¥¤Gfuel (affiliate): https://affiliateshop.gfuel.com/pewdiepie
#Code #Pewdiepie

Official Æ¿à«¯Ï‰áƒ«É¿à«¯Æ¿É¿à«¯ TikTok: https://www.tiktok.com/@pewdiepie

âˆ Official Æ¿à«¯Ï‰áƒ«É¿à«¯Æ¿É¿à«¯ Infinity Stream: https://www.twitch.tv/pewdiepie

âš™ï¸ My Setup (affiliate links)âš™ï¸
ğŸ–¥ï¸  PC: https://howl.me/clHcdRoIePi
ğŸ§ Headphones: https://www.anrdoezrs.net/click-100814745-14330447
ğŸª‘ Chair: https://tinyurl.com/clutchpdp
âŒ¨ï¸ ğŸ–±ï¸ Keyboard & Mouse: https://tinyurl.com/ghostpdp

ğŸ‘Ÿ Sneakers: https://howl.me/clHccGkb0M4

ğŸ•¹ï¸ PewDiePie's Tuber Simulator
iOS: https://tinyurl.com/tuberIOS
Android: https://tinyurl.com/tuberandroid

ğŸ•¹ï¸ PewDiePie's Pixelings
iOS: https://tinyurl.com/pixelingsiOS
Android: https://tinyurl.com/pixelingsandroid",2024-11-24T17:00:49Z,"['pewdiepie', 'pewds', 'pewdie']",20,en-US,en-GB,https://i.ytimg.com/vi/vCqZQOqUiqo/default.jpg,PT21M50S,2899203,195724,7873,public,1310,0:21:50,3,https://www.youtube.com/watch?v=vCqZQOqUiqo,https://www.youtube.com/embed/vCqZQOqUiqo,UC-lHJZR3Gqxm24_Vd_AJ5Yw,PewDiePie,I make videos.,JP,https://yt3.ggpht.com/vik8mAiwHQbXiFyKfZ3__p55_VBdGvwxPpuPJBBwdbF0PjJxikXhrP-C3nLQAMAxGNd_-xQCIg=s88-c-k-c0x00ffffff-no-rj,110000000,4649
IkU3c1kERcw,IkU3c1kERcw,I put on a suit and went to Australia for this,"ğŸ’¥ Get exclusive NordVPN deal here âµ https://NordVPN.com/pewdiepie Itâ€™s risk free with Nordâ€™s 30 day money-back guarantee!âœŒ

ğŸŒ Get an exclusive 15% discount on Saily data plans! Use code pewdiepie at checkout. Download Saily app or go to https://saily.com/pewdiepie â›µ

ğŸ“° Get ""The Kjellberg Mail"" (family newsletter w Mertz): https://the-kjellberg-mail.beehiiv.com/p/july

Stock Up On â¡ï¸ğŸ¥¤Gfuel (affiliate): https://affiliateshop.gfuel.com/pewdiepie
#Code #Pewdiepie

Official Æ¿à«¯Ï‰áƒ«É¿à«¯Æ¿É¿à«¯ TikTok: https://www.tiktok.com/@pewdiepie

âˆ Official Æ¿à«¯Ï‰áƒ«É¿à«¯Æ¿É¿à«¯ Infinity Stream: https://www.twitch.tv/pewdiepie

âš™ï¸ My Setup (affiliate links)âš™ï¸
ğŸ–¥ï¸  PC: https://howl.me/clHcdRoIePi
ğŸ§ Headphones: https://www.anrdoezrs.net/click-100814745-14330447
ğŸª‘ Chair: https://tinyurl.com/clutchpdp
âŒ¨ï¸ ğŸ–±ï¸ Keyboard & Mouse: https://tinyurl.com/ghostpdp

ğŸ‘Ÿ Sneakers: https://howl.me/clHccGkb0M4

ğŸ•¹ï¸ PewDiePie's Tuber Simulator
iOS: https://tinyurl.com/tuberIOS
Android: https://tinyurl.com/tuberandroid

ğŸ•¹ï¸ PewDiePie's Pixelings
iOS: https://tinyurl.com/pixelingsiOS
Android: https://tinyurl.com/pixelingsandroid",2024-11-15T17:00:25Z,"['pewdiepie', 'pewds', 'pewdie']",20,en-US,en-GB,https://i.ytimg.com/vi/IkU3c1kERcw/default.jpg,PT40M10S,2884765,151010,6209,public,2410,0:40:10,3,https://www.youtube.com/watch?v=IkU3c1kERcw,https://www.youtube.com/embed/IkU3c1kERcw,UC-lHJZR3Gqxm24_Vd_AJ5Yw,PewDiePie,I make videos.,JP,https://yt3.ggpht.com/vik8mAiwHQbXiFyKfZ3__p55_VBdGvwxPpuPJBBwdbF0PjJxikXhrP-C3nLQAMAxGNd_-xQCIg=s88-c-k-c0x00ffffff-no-rj,110000000,4649
GPLImB-I71w,GPLImB-I71w,I Drew Every Day for 365 Days..... *it was painful*,"Stock Up On â¡ï¸ğŸ¥¤Gfuel (affiliate): https://affiliateshop.gfuel.com/pewdiepie
#Code #Pewdiepie

Get exclusive NordVPN deal here âµ https://NordVPN.com/pewdiepie Itâ€™s risk free with Nordâ€™s 30 day money-back guarantee!âœŒ

ğŸ§#SubscribeğŸ§

ğŸ“° Get ""The Kjellberg Mail"" (family newsletter w Mertz): https://the-kjellberg-mail.beehiiv.com/p/july

Official Æ¿à«¯Ï‰áƒ«É¿à«¯Æ¿É¿à«¯ TikTok: https://www.tiktok.com/@pewdiepie

âˆ Official Æ¿à«¯Ï‰áƒ«É¿à«¯Æ¿É¿à«¯ Infinity Stream: https://www.twitch.tv/pewdiepie

âš™ï¸ My Setup (affiliate links)âš™ï¸
ğŸ–¥ï¸  PC: https://howl.me/clHcdRoIePi
ğŸ§ Headphones: https://www.anrdoezrs.net/click-100814745-14330447
ğŸª‘ Chair: https://tinyurl.com/clutchpdp
âŒ¨ï¸ ğŸ–±ï¸ Keyboard & Mouse: https://tinyurl.com/ghostpdp

ğŸ‘Ÿ Sneakers: https://howl.me/clHccGkb0M4

ğŸ•¹ï¸ PewDiePie's Tuber Simulator
iOS: https://tinyurl.com/tuberIOS
Android: https://tinyurl.com/tuberandroid

ğŸ•¹ï¸ PewDiePie's Pixelings
iOS: https://tinyurl.com/pixelingsiOS
Android: https://tinyurl.com/pixelingsandroid",2024-10-29T17:00:14Z,"['pewdiepie', 'pewds', 'pewdie']",24,en-US,en-GB,https://i.ytimg.com/vi/GPLImB-I71w/default.jpg,PT16M52S,6297547,442104,12863,public,1012,0:16:52,3,https://www.youtube.com/watch?v=GPLImB-I71w,https://www.youtube.com/embed/GPLImB-I71w,UC-lHJZR3Gqxm24_Vd_AJ5Yw,PewDiePie,I make videos.,JP,https://yt3.ggpht.com/vik8mAiwHQbXiFyKfZ3__p55_VBdGvwxPpuPJBBwdbF0PjJxikXhrP-C3nLQAMAxGNd_-xQCIg=s88-c-k-c0x00ffffff-no-rj,110000000,4649
Jal7jd_ocL0,Jal7jd_ocL0,Setting the record straight about kids!,"#AD - ğŸŒ Get an exclusive 15% discount on Saily data plans! Use code pewdiepie at checkout. Download Saily app or go to https://saily.com/pewdiepie

ğŸ§#SubscribeğŸ§
ğŸ“° Get ""The Kjellberg Mail"" (family newsletter w Mertz): https://the-kjellberg-mail.beehiiv.com/p/july

Stock Up On â¡ï¸ğŸ¥¤Gfuel (affiliate): https://affiliateshop.gfuel.com/pewdiepie
#Code #Pewdiepie

Get exclusive NordVPN deal here âµ https://NordVPN.com/pewdiepie Itâ€™s risk free with Nordâ€™s 30 day money-back guarantee!âœŒ

Official Æ¿à«¯Ï‰áƒ«É¿à«¯Æ¿É¿à«¯ TikTok: https://www.tiktok.com/@pewdiepie

âˆ Official Æ¿à«¯Ï‰áƒ«É¿à«¯Æ¿É¿à«¯ Infinity Stream: https://www.twitch.tv/pewdiepie

âš™ï¸ My Setup (affiliate links)âš™ï¸
ğŸ–¥ï¸  PC: https://howl.me/clHcdRoIePi
ğŸ§ Headphones: https://www.anrdoezrs.net/click-100814745-14330447
ğŸª‘ Chair: https://tinyurl.com/clutchpdp
âŒ¨ï¸ ğŸ–±ï¸ Keyboard & Mouse: https://tinyurl.com/ghostpdp

ğŸ‘Ÿ Sneakers: https://howl.me/clHccGkb0M4

ğŸ•¹ï¸ PewDiePie's Tuber Simulator
iOS: https://tinyurl.com/tuberIOS
Android: https://tinyurl.com/tuberandroid

ğŸ•¹ï¸ PewDiePie's Pixelings
iOS: https://tinyurl.com/pixelingsiOS
Android: https://tinyurl.com/pixelingsandroid",2024-10-20T17:15:02Z,"['pewdiepie', 'pewds', 'pewdie']",24,en-US,en-GB,https://i.ytimg.com/vi/Jal7jd_ocL0/default.jpg,PT18M35S,4168321,240248,6820,public,1115,0:18:35,3,https://www.youtube.com/watch?v=Jal7jd_ocL0,https://www.youtube.com/embed/Jal7jd_ocL0,UC-lHJZR3Gqxm24_Vd_AJ5Yw,PewDiePie,I make videos.,JP,https://yt3.ggpht.com/vik8mAiwHQbXiFyKfZ3__p55_VBdGvwxPpuPJBBwdbF0PjJxikXhrP-C3nLQAMAxGNd_-xQCIg=s88-c-k-c0x00ffffff-no-rj,110000000,4649
Tbwbq-03aOc,Tbwbq-03aOc,If you laugh... You're a bad person..,"ğŸŒ Get exclusive NordVPN deal here âµ  https://NordVPN.com/pewdiepie Itâ€™s risk free with Nordâ€™s 30 day money-back guarantee!âœŒ

ğŸ§#SubscribeğŸ§

ğŸ“° Get ""The Kjellberg Mail"" (family newsletter w Mertz): https://the-kjellberg-mail.beehiiv.com/p/july

Stock Up On â¡ï¸ğŸ¥¤Gfuel (affiliate): https://affiliateshop.gfuel.com/pewdiepie
#Code #Pewdiepie

Official Æ¿à«¯Ï‰áƒ«É¿à«¯Æ¿É¿à«¯ TikTok: https://www.tiktok.com/@pewdiepie

âˆ Official Æ¿à«¯Ï‰áƒ«É¿à«¯Æ¿É¿à«¯ Infinity Stream: https://www.twitch.tv/pewdiepie

âš™ï¸ My Setup (affiliate links)âš™ï¸
ğŸ–¥ï¸  PC: https://howl.me/clHcdRoIePi
ğŸ§ Headphones: https://www.anrdoezrs.net/click-100814745-14330447
ğŸª‘ Chair: https://tinyurl.com/clutchpdp
âŒ¨ï¸ ğŸ–±ï¸ Keyboard & Mouse: https://tinyurl.com/ghostpdp

ğŸ‘Ÿ Sneakers: https://howl.me/clHccGkb0M4

ğŸ•¹ï¸ PewDiePie's Tuber Simulator
iOS: https://tinyurl.com/tuberIOS
Android: https://tinyurl.com/tuberandroid

ğŸ•¹ï¸ PewDiePie's Pixelings
iOS: https://tinyurl.com/pixelingsiOS
Android: https://tinyurl.com/pixelingsandroid",2024-10-14T17:00:20Z,"['pewdiepie', 'pewds', 'pewdie']",24,en-US,en-GB,https://i.ytimg.com/vi/Tbwbq-03aOc/default.jpg,PT14M59S,2461353,143563,2809,public,899,0:14:59,3,https://www.youtube.com/watch?v=Tbwbq-03aOc,https://www.youtube.com/embed/Tbwbq-03aOc,UC-lHJZR3Gqxm24_Vd_AJ5Yw,PewDiePie,I make videos.,JP,https://yt3.ggpht.com/vik8mAiwHQbXiFyKfZ3__p55_VBdGvwxPpuPJBBwdbF0PjJxikXhrP-C3nLQAMAxGNd_-xQCIg=s88-c-k-c0x00ffffff-no-rj,110000000,4649
bzubMYUiCac,bzubMYUiCac,Family Adventure: Our Awaji Island Trip,"Disclosure: Awaji trip was not sponsored but free
ğŸ“° Get ""The Kjellberg Mail"" (family newsletter w Mertz): https://the-kjellberg-mail.beehiiv.com/p/july
Awaji ENG info: https://en.awajishima-resort.com
@discoverawaji on IG



Stock Up On â¡ï¸ğŸ¥¤Gfuel (affiliate): https://affiliateshop.gfuel.com/pewdiepie
#Code #Pewdiepie

Get exclusive NordVPN deal here âµ https://NordVPN.com/pewdiepie Itâ€™s risk free with Nordâ€™s 30 day money-back guarantee!âœŒ

Official Æ¿à«¯Ï‰áƒ«É¿à«¯Æ¿É¿à«¯ TikTok: https://www.tiktok.com/@pewdiepie

âˆ Official Æ¿à«¯Ï‰áƒ«É¿à«¯Æ¿É¿à«¯ Infinity Stream: https://www.twitch.tv/pewdiepie

âš™ï¸ My Setup (affiliate links)âš™ï¸
ğŸ–¥ï¸  PC: https://howl.me/clHcdRoIePi
ğŸ§ Headphones: https://www.anrdoezrs.net/click-100814745-14330447
ğŸª‘ Chair: https://tinyurl.com/clutchpdp
âŒ¨ï¸ ğŸ–±ï¸ Keyboard & Mouse: https://tinyurl.com/ghostpdp

ğŸ‘Ÿ Sneakers: https://howl.me/clHccGkb0M4

ğŸ•¹ï¸ PewDiePie's Tuber Simulator
iOS: https://tinyurl.com/tuberIOS
Android: https://tinyurl.com/tuberandroid

ğŸ•¹ï¸ PewDiePie's Pixelings
iOS: https://tinyurl.com/pixelingsiOS
Android: https://tinyurl.com/pixelingsandroid",2024-10-05T17:00:25Z,"['pewdiepie', 'pewds', 'pewdie']",20,en-US,en-GB,https://i.ytimg.com/vi/bzubMYUiCac/default.jpg,PT32M58S,1845937,92369,3579,public,1978,0:32:58,3,https://www.youtube.com/watch?v=bzubMYUiCac,https://www.youtube.com/embed/bzubMYUiCac,UC-lHJZR3Gqxm24_Vd_AJ5Yw,PewDiePie,I make videos.,JP,https://yt3.ggpht.com/vik8mAiwHQbXiFyKfZ3__p55_VBdGvwxPpuPJBBwdbF0PjJxikXhrP-C3nLQAMAxGNd_-xQCIg=s88-c-k-c0x00ffffff-no-rj,110000000,4649
rpQswht3dsc,rpQswht3dsc,Bad YouTube Advice,"Stock Up On â¡ï¸ğŸ¥¤Gfuel (affiliate): https://affiliateshop.gfuel.com/pewdiepie
#Code #Pewdiepie

ğŸŒ Get exclusive NordVPN deal here âµ  https://NordVPN.com/pewdiepie Itâ€™s risk free with Nordâ€™s 30 day money-back guarantee!âœŒ

ğŸ§#SubscribeğŸ§

ğŸ“° Get ""The Kjellberg Mail"" (family newsletter w Mertz): https://the-kjellberg-mail.beehiiv.com/p/july

Official Æ¿à«¯Ï‰áƒ«É¿à«¯Æ¿É¿à«¯ TikTok: https://www.tiktok.com/@pewdiepie

âˆ Official Æ¿à«¯Ï‰áƒ«É¿à«¯Æ¿É¿à«¯ Infinity Stream: https://www.twitch.tv/pewdiepie

âš™ï¸ My Setup (affiliate links)âš™ï¸
ğŸ–¥ï¸  PC: https://howl.me/clHcdRoIePi
ğŸ§ Headphones: https://www.anrdoezrs.net/click-100814745-14330447
ğŸª‘ Chair: https://tinyurl.com/clutchpdp
âŒ¨ï¸ ğŸ–±ï¸ Keyboard & Mouse: https://tinyurl.com/ghostpdp

ğŸ‘Ÿ Sneakers: https://howl.me/clHccGkb0M4

ğŸ•¹ï¸ PewDiePie's Tuber Simulator
iOS: https://tinyurl.com/tuberIOS
Android: https://tinyurl.com/tuberandroid

ğŸ•¹ï¸ PewDiePie's Pixelings
iOS: https://tinyurl.com/pixelingsiOS
Android: https://tinyurl.com/pixelingsandroid",2024-09-30T17:00:49Z,"['pewdiepie', 'pewds', 'pewdie']",24,en-US,en-GB,https://i.ytimg.com/vi/rpQswht3dsc/default.jpg,PT27M5S,3871037,205502,6005,public,1625,0:27:05,3,https://www.youtube.com/watch?v=rpQswht3dsc,https://www.youtube.com/embed/rpQswht3dsc,UC-lHJZR3Gqxm24_Vd_AJ5Yw,PewDiePie,I make videos.,JP,https://yt3.ggpht.com/vik8mAiwHQbXiFyKfZ3__p55_VBdGvwxPpuPJBBwdbF0PjJxikXhrP-C3nLQAMAxGNd_-xQCIg=s88-c-k-c0x00ffffff-no-rj,110000000,4649
QL6SQEb48zY,QL6SQEb48zY,The Chinese AI situation is crazy,"ğŸŒ Get exclusive NordVPN deal here âµ  https://NordVPN.com/pewdiepie Itâ€™s risk free with Nordâ€™s 30 day money-back guarantee!âœŒ

ğŸ§#SubscribeğŸ§

ğŸ“° Get ""The Kjellberg Mail"" (family newsletter w Mertz): https://the-kjellberg-mail.beehiiv.com/p/july

Stock Up On â¡ï¸ğŸ¥¤Gfuel (affiliate): https://affiliateshop.gfuel.com/pewdiepie
#Code #Pewdiepie

Get exclusive NordVPN deal here âµ https://NordVPN.com/pewdiepie Itâ€™s risk free with Nordâ€™s 30 day money-back guarantee!âœŒ

Official Æ¿à«¯Ï‰áƒ«É¿à«¯Æ¿É¿à«¯ TikTok: https://www.tiktok.com/@pewdiepie

âˆ Official Æ¿à«¯Ï‰áƒ«É¿à«¯Æ¿É¿à«¯ Infinity Stream: https://www.twitch.tv/pewdiepie

âš™ï¸ My Setup (affiliate links)âš™ï¸
ğŸ–¥ï¸  PC: https://howl.me/clHcdRoIePi
ğŸ§ Headphones: https://www.anrdoezrs.net/click-100814745-14330447
ğŸª‘ Chair: https://tinyurl.com/clutchpdp
âŒ¨ï¸ ğŸ–±ï¸ Keyboard & Mouse: https://tinyurl.com/ghostpdp

ğŸ‘Ÿ Sneakers: https://howl.me/clHccGkb0M4

ğŸ•¹ï¸ PewDiePie's Tuber Simulator
iOS: https://tinyurl.com/tuberIOS
Android: https://tinyurl.com/tuberandroid

ğŸ•¹ï¸ PewDiePie's Pixelings
iOS: https://tinyurl.com/pixelingsiOS
Android: https://tinyurl.com/pixelingsandroid",2024-09-21T00:22:23Z,"['pewdiepie', 'pewds', 'pewdie']",20,en-US,en-GB,https://i.ytimg.com/vi/QL6SQEb48zY/default.jpg,PT19M44S,2847762,137096,4575,public,1184,0:19:44,3,https://www.youtube.com/watch?v=QL6SQEb48zY,https://www.youtube.com/embed/QL6SQEb48zY,UC-lHJZR3Gqxm24_Vd_AJ5Yw,PewDiePie,I make videos.,JP,https://yt3.ggpht.com/vik8mAiwHQbXiFyKfZ3__p55_VBdGvwxPpuPJBBwdbF0PjJxikXhrP-C3nLQAMAxGNd_-xQCIg=s88-c-k-c0x00ffffff-no-rj,110000000,4649
uYTL-iM5XFo,uYTL-iM5XFo,Is Switzerland a real place?,"ğŸ“° Get ""The Kjellberg Mail"" (family newsletter w Mertz): https://the-kjellberg-mail.beehiiv.com/p/july

Stock Up On â¡ï¸ğŸ¥¤Gfuel (affiliate): https://affiliateshop.gfuel.com/pewdiepie
#Code #Pewdiepie

Get exclusive NordVPN deal here âµ https://NordVPN.com/pewdiepie Itâ€™s risk free with Nordâ€™s 30 day money-back guarantee!âœŒ

Official Æ¿à«¯Ï‰áƒ«É¿à«¯Æ¿É¿à«¯ TikTok: https://www.tiktok.com/@pewdiepie

âˆ Official Æ¿à«¯Ï‰áƒ«É¿à«¯Æ¿É¿à«¯ Infinity Stream: https://www.twitch.tv/pewdiepie

âš™ï¸ My Setup (affiliate links)âš™ï¸
ğŸ–¥ï¸  PC: https://howl.me/clHcdRoIePi
ğŸ§ Headphones: https://www.anrdoezrs.net/click-100814745-14330447
ğŸª‘ Chair: https://tinyurl.com/clutchpdp
âŒ¨ï¸ ğŸ–±ï¸ Keyboard & Mouse: https://tinyurl.com/ghostpdp

ğŸ‘Ÿ Sneakers: https://howl.me/clHccGkb0M4

ğŸ•¹ï¸ PewDiePie's Tuber Simulator
iOS: https://tinyurl.com/tuberIOS
Android: https://tinyurl.com/tuberandroid

ğŸ•¹ï¸ PewDiePie's Pixelings
iOS: https://tinyurl.com/pixelingsiOS
Android: https://tinyurl.com/pixelingsandroid",2024-09-10T17:00:47Z,"['pewdiepie', 'pewds', 'pewdie']",20,en-US,en-GB,https://i.ytimg.com/vi/uYTL-iM5XFo/default.jpg,PT41M7S,3154795,137532,5173,public,2467,0:41:07,3,https://www.youtube.com/watch?v=uYTL-iM5XFo,https://www.youtube.com/embed/uYTL-iM5XFo,UC-lHJZR3Gqxm24_Vd_AJ5Yw,PewDiePie,I make videos.,JP,https://yt3.ggpht.com/vik8mAiwHQbXiFyKfZ3__p55_VBdGvwxPpuPJBBwdbF0PjJxikXhrP-C3nLQAMAxGNd_-xQCIg=s88-c-k-c0x00ffffff-no-rj,110000000,4649
Fn1OeGys2L8,Fn1OeGys2L8,I WILL NOT APOLOGIZE FOR MY CRIMES,"ğŸŒ Get exclusive NordVPN deal here âµ  https://NordVPN.com/pewdiepie Itâ€™s risk free with Nordâ€™s 30 day money-back guarantee!âœŒ

ğŸ§#SubscribeğŸ§

ğŸ“° Get ""The Kjellberg Mail"" (family newsletter w Mertz): https://the-kjellberg-mail.beehiiv.com/p/july

Stock Up On â¡ï¸ğŸ¥¤Gfuel (affiliate): https://affiliateshop.gfuel.com/pewdiepie
#Code #Pewdiepie

Get exclusive NordVPN deal here âµ https://NordVPN.com/pewdiepie Itâ€™s risk free with Nordâ€™s 30 day money-back guarantee!âœŒ

Official Æ¿à«¯Ï‰áƒ«É¿à«¯Æ¿É¿à«¯ TikTok: https://www.tiktok.com/@pewdiepie

âˆ Official Æ¿à«¯Ï‰áƒ«É¿à«¯Æ¿É¿à«¯ Infinity Stream: https://www.twitch.tv/pewdiepie

âš™ï¸ My Setup (affiliate links)âš™ï¸
ğŸ–¥ï¸  PC: https://howl.me/clHcdRoIePi
ğŸ§ Headphones: https://www.anrdoezrs.net/click-100814745-14330447
ğŸª‘ Chair: https://tinyurl.com/clutchpdp
âŒ¨ï¸ ğŸ–±ï¸ Keyboard & Mouse: https://tinyurl.com/ghostpdp

ğŸ‘Ÿ Sneakers: https://howl.me/clHccGkb0M4

ğŸ•¹ï¸ PewDiePie's Tuber Simulator
iOS: https://tinyurl.com/tuberIOS
Android: https://tinyurl.com/tuberandroid

ğŸ•¹ï¸ PewDiePie's Pixelings
iOS: https://tinyurl.com/pixelingsiOS
Android: https://tinyurl.com/pixelingsandroid",2024-08-28T17:00:13Z,"['pewdiepie', 'pewds', 'pewdie']",20,en-US,en-GB,https://i.ytimg.com/vi/Fn1OeGys2L8/default.jpg,PT38M3S,2437245,100400,2662,public,2283,0:38:03,3,https://www.youtube.com/watch?v=Fn1OeGys2L8,https://www.youtube.com/embed/Fn1OeGys2L8,UC-lHJZR3Gqxm24_Vd_AJ5Yw,PewDiePie,I make videos.,JP,https://yt3.ggpht.com/vik8mAiwHQbXiFyKfZ3__p55_VBdGvwxPpuPJBBwdbF0PjJxikXhrP-C3nLQAMAxGNd_-xQCIg=s88-c-k-c0x00ffffff-no-rj,110000000,4649
kSt2QspMnG0,kSt2QspMnG0,MAYBE,"#ad - Get the new Booty Pie tub & another FREE! G FUEL BOGO! https://creator.gfuel.com/bogo-pewdiepie

ğŸ§#SubscribeğŸ§

ğŸ“° Get ""The Kjellberg Mail"" (family newsletter w Mertz): https://the-kjellberg-mail.beehiiv.com/p/july

Get exclusive NordVPN deal here âµ https://NordVPN.com/pewdiepie Itâ€™s risk free with Nordâ€™s 30 day money-back guarantee!âœŒ

Official Æ¿à«¯Ï‰áƒ«É¿à«¯Æ¿É¿à«¯ TikTok: https://www.tiktok.com/@pewdiepie

âˆ Official Æ¿à«¯Ï‰áƒ«É¿à«¯Æ¿É¿à«¯ Infinity Stream: https://www.twitch.tv/pewdiepie

âš™ï¸ My Setup (affiliate links)âš™ï¸
ğŸ–¥ï¸  PC: https://howl.me/clHcdRoIePi
ğŸ§ Headphones: https://www.anrdoezrs.net/click-100814745-14330447
ğŸª‘ Chair: https://tinyurl.com/clutchpdp
âŒ¨ï¸ ğŸ–±ï¸ Keyboard & Mouse: https://tinyurl.com/ghostpdp

ğŸ‘Ÿ Sneakers: https://howl.me/clHccGkb0M4

ğŸ•¹ï¸ PewDiePie's Tuber Simulator
iOS: https://tinyurl.com/tuberIOS
Android: https://tinyurl.com/tuberandroid

ğŸ•¹ï¸ PewDiePie's Pixelings
iOS: https://tinyurl.com/pixelingsiOS
Android: https://tinyurl.com/pixelingsandroid",2024-08-24T17:00:37Z,"['pewdiepie', 'pewds', 'pewdie']",24,en-US,en-GB,https://i.ytimg.com/vi/kSt2QspMnG0/default.jpg,PT21M5S,2526093,129191,3899,public,1265,0:21:05,3,https://www.youtube.com/watch?v=kSt2QspMnG0,https://www.youtube.com/embed/kSt2QspMnG0,UC-lHJZR3Gqxm24_Vd_AJ5Yw,PewDiePie,I make videos.,JP,https://yt3.ggpht.com/vik8mAiwHQbXiFyKfZ3__p55_VBdGvwxPpuPJBBwdbF0PjJxikXhrP-C3nLQAMAxGNd_-xQCIg=s88-c-k-c0x00ffffff-no-rj,110000000,4649
3XRTKZlCYSA,3XRTKZlCYSA,Boys First Bike ride! *Front Flips*,"Check out Nonsense x Pewdipeie collab https://nonsense.jp/products/noĞ¸sense-x-pewdiepie-collage-t?variant=45489192468703

ğŸ“° Get ""The Kjellberg Mail"" (family newsletter w Mertz): https://the-kjellberg-mail.beehiiv.com/p/july

Stock Up On â¡ï¸ğŸ¥¤Gfuel (affiliate): https://affiliateshop.gfuel.com/pewdiepie
#Code #Pewdiepie

Get exclusive NordVPN deal here âµ https://NordVPN.com/pewdiepie Itâ€™s risk free with Nordâ€™s 30 day money-back guarantee!âœŒ

Official Æ¿à«¯Ï‰áƒ«É¿à«¯Æ¿É¿à«¯ TikTok: https://www.tiktok.com/@pewdiepie

âˆ Official Æ¿à«¯Ï‰áƒ«É¿à«¯Æ¿É¿à«¯ Infinity Stream: https://www.twitch.tv/pewdiepie

âš™ï¸ My Setup (affiliate links)âš™ï¸
ğŸ–¥ï¸  PC: https://howl.me/clHcdRoIePi
ğŸ§ Headphones: https://www.anrdoezrs.net/click-100814745-14330447
ğŸª‘ Chair: https://tinyurl.com/clutchpdp
âŒ¨ï¸ ğŸ–±ï¸ Keyboard & Mouse: https://tinyurl.com/ghostpdp

ğŸ‘Ÿ Sneakers: https://howl.me/clHccGkb0M4

ğŸ•¹ï¸ PewDiePie's Tuber Simulator
iOS: https://tinyurl.com/tuberIOS
Android: https://tinyurl.com/tuberandroid

ğŸ•¹ï¸ PewDiePie's Pixelings
iOS: https://tinyurl.com/pixelingsiOS
Android: https://tinyurl.com/pixelingsandroid",2024-08-09T17:00:02Z,"['pewdiepie', 'pewds', 'pewdie']",20,en-US,en-GB,https://i.ytimg.com/vi/3XRTKZlCYSA/default.jpg,PT27M17S,2545122,136799,5333,public,1637,0:27:17,3,https://www.youtube.com/watch?v=3XRTKZlCYSA,https://www.youtube.com/embed/3XRTKZlCYSA,UC-lHJZR3Gqxm24_Vd_AJ5Yw,PewDiePie,I make videos.,JP,https://yt3.ggpht.com/vik8mAiwHQbXiFyKfZ3__p55_VBdGvwxPpuPJBBwdbF0PjJxikXhrP-C3nLQAMAxGNd_-xQCIg=s88-c-k-c0x00ffffff-no-rj,110000000,4649
UMDv7gtqBYQ,UMDv7gtqBYQ,I will NEver recover from this in Minecraft,"Stock Up On â¡ï¸ğŸ¥¤Gfuel: https://affiliateshop.gfuel.com/hatsune-pewdiepie

Get exclusive NordVPN deal here âµ https://NordVPN.com/pewdiepie Itâ€™s risk free with Nordâ€™s 30 day money-back guarantee!âœŒ

ğŸ“° Get ""The Kjellberg Mail"" (family newsletter w Mertz): https://the-kjellberg-mail.beehiiv.com/p/july

Official Æ¿à«¯Ï‰áƒ«É¿à«¯Æ¿É¿à«¯ TikTok: https://www.tiktok.com/@pewdiepie

âˆ Official Æ¿à«¯Ï‰áƒ«É¿à«¯Æ¿É¿à«¯ Infinity Stream: https://www.twitch.tv/pewdiepie

âš™ï¸ My Setup (affiliate links)âš™ï¸
ğŸ–¥ï¸  PC: https://howl.me/clHcdRoIePi
ğŸ§ Headphones: https://www.anrdoezrs.net/click-100814745-14330447
ğŸª‘ Chair: https://tinyurl.com/clutchpdp
âŒ¨ï¸ ğŸ–±ï¸ Keyboard & Mouse: https://tinyurl.com/ghostpdp

ğŸ‘Ÿ Sneakers: https://howl.me/clHccGkb0M4

ğŸ•¹ï¸ PewDiePie's Tuber Simulator
iOS: https://tinyurl.com/tuberIOS
Android: https://tinyurl.com/tuberandroid

ğŸ•¹ï¸ PewDiePie's Pixelings
iOS: https://tinyurl.com/pixelingsiOS
Android: https://tinyurl.com/pixelingsandroid",2024-07-24T17:00:18Z,"['pewdiepie', 'pewds', 'pewdie']",20,en-US,en-GB,https://i.ytimg.com/vi/UMDv7gtqBYQ/default.jpg,PT26M37S,2301319,109995,3753,public,1597,0:26:37,3,https://www.youtube.com/watch?v=UMDv7gtqBYQ,https://www.youtube.com/embed/UMDv7gtqBYQ,UC-lHJZR3Gqxm24_Vd_AJ5Yw,PewDiePie,I make videos.,JP,https://yt3.ggpht.com/vik8mAiwHQbXiFyKfZ3__p55_VBdGvwxPpuPJBBwdbF0PjJxikXhrP-C3nLQAMAxGNd_-xQCIg=s88-c-k-c0x00ffffff-no-rj,110000000,4649
f6CT2ov1I90,f6CT2ov1I90,"Minecraft is a horror game now , you cant deny this","Get exclusive NordVPN deal here âµ https://NordVPN.com/pewdiepie Itâ€™s risk free with Nordâ€™s 30 day money-back guarantee!âœŒ

Official Æ¿à«¯Ï‰áƒ«É¿à«¯Æ¿É¿à«¯ TikTok: https://www.tiktok.com/@pewdiepie

ğŸ“° Get ""The Kjellberg Mail"" (family newsletter w Mertz): https://the-kjellberg-mail.beehiiv.com/p/july

âˆ Official Æ¿à«¯Ï‰áƒ«É¿à«¯Æ¿É¿à«¯ Infinity Stream: https://www.twitch.tv/pewdiepie

âš™ï¸ My Setup (affiliate links)âš™ï¸
ğŸ–¥ï¸  PC: https://howl.me/clHcdRoIePi
ğŸ§ Headphones: https://www.anrdoezrs.net/click-100814745-14330447
ğŸª‘ Chair: https://tinyurl.com/clutchpdp
âŒ¨ï¸ ğŸ–±ï¸ Keyboard & Mouse: https://tinyurl.com/ghostpdp

ğŸ‘Ÿ Sneakers: https://howl.me/clHccGkb0M4

ğŸ•¹ï¸ PewDiePie's Tuber Simulator
iOS: https://tinyurl.com/tuberIOS
Android: https://tinyurl.com/tuberandroid

ğŸ•¹ï¸ PewDiePie's Pixelings
iOS: https://tinyurl.com/pixelingsiOS
Android: https://tinyurl.com/pixelingsandroid",2024-07-13T17:15:03Z,"['pewdiepie', 'pewds', 'pewdie']",20,en-US,en-GB,https://i.ytimg.com/vi/f6CT2ov1I90/default.jpg,PT35M34S,2958016,134825,3200,public,2134,0:35:34,3,https://www.youtube.com/watch?v=f6CT2ov1I90,https://www.youtube.com/embed/f6CT2ov1I90,UC-lHJZR3Gqxm24_Vd_AJ5Yw,PewDiePie,I make videos.,JP,https://yt3.ggpht.com/vik8mAiwHQbXiFyKfZ3__p55_VBdGvwxPpuPJBBwdbF0PjJxikXhrP-C3nLQAMAxGNd_-xQCIg=s88-c-k-c0x00ffffff-no-rj,110000000,4649
n_Zj7ZLNuN0,n_Zj7ZLNuN0,New Family Member!,"Get exclusive NordVPN deal here âµ https://NordVPN.com/pewdiepie Itâ€™s risk free with Nordâ€™s 30 day money-back guarantee!âœŒ

Official Æ¿à«¯Ï‰áƒ«É¿à«¯Æ¿É¿à«¯ TikTok: https://www.tiktok.com/@pewdiepie

ğŸ“° Get ""The Kjellberg Mail"" (family newsletter w Mertz): https://the-kjellberg-mail.beehiiv.com/p/july

âˆ Official Æ¿à«¯Ï‰áƒ«É¿à«¯Æ¿É¿à«¯ Infinity Stream: https://www.twitch.tv/pewdiepie

âš™ï¸ My Setup (affiliate links)âš™ï¸
ğŸ–¥ï¸  PC: https://howl.me/clHcdRoIePi
ğŸ§ Headphones: https://www.anrdoezrs.net/click-100814745-14330447
ğŸª‘ Chair: https://tinyurl.com/clutchpdp
âŒ¨ï¸ ğŸ–±ï¸ Keyboard & Mouse: https://tinyurl.com/ghostpdp

ğŸ‘Ÿ Sneakers: https://howl.me/clHccGkb0M4

ğŸ•¹ï¸ PewDiePie's Tuber Simulator
iOS: https://tinyurl.com/tuberIOS
Android: https://tinyurl.com/tuberandroid

ğŸ•¹ï¸ PewDiePie's Pixelings
iOS: https://tinyurl.com/pixelingsiOS
Android: https://tinyurl.com/pixelingsandroid",2024-07-09T17:00:37Z,"['pewdiepie', 'pewds', 'pewdie']",20,en-US,en-GB,https://i.ytimg.com/vi/n_Zj7ZLNuN0/default.jpg,PT22M40S,5896058,326600,10259,public,1360,0:22:40,3,https://www.youtube.com/watch?v=n_Zj7ZLNuN0,https://www.youtube.com/embed/n_Zj7ZLNuN0,UC-lHJZR3Gqxm24_Vd_AJ5Yw,PewDiePie,I make videos.,JP,https://yt3.ggpht.com/vik8mAiwHQbXiFyKfZ3__p55_VBdGvwxPpuPJBBwdbF0PjJxikXhrP-C3nLQAMAxGNd_-xQCIg=s88-c-k-c0x00ffffff-no-rj,110000000,4649
pM_rvWwQoqU,pM_rvWwQoqU,I BROKE the Golden RULE in Minecraft...,"#ad - Go to https://saily.com/Pewdiepie and use the code Pewdiepie to get an exclusive 15% off yourÂ firstÂ purchase.


ğŸ“° Get ""The Kjellberg Mail"" (family newsletter w Mertz): https://the-kjellberg-mail.beehiiv.com/p/july

Get exclusive NordVPN deal here âµ https://NordVPN.com/pewdiepie Itâ€™s risk free with Nordâ€™s 30 day money-back guarantee!âœŒ

Official Æ¿à«¯Ï‰áƒ«É¿à«¯Æ¿É¿à«¯ TikTok: https://www.tiktok.com/@pewdiepie

âˆ Official Æ¿à«¯Ï‰áƒ«É¿à«¯Æ¿É¿à«¯ Infinity Stream: https://www.twitch.tv/pewdiepie

âš™ï¸ My Setup (affiliate links)âš™ï¸
ğŸ–¥ï¸  PC: https://howl.me/clHcdRoIePi
ğŸ§ Headphones: https://www.anrdoezrs.net/click-100814745-14330447
ğŸª‘ Chair: https://tinyurl.com/clutchpdp
âŒ¨ï¸ ğŸ–±ï¸ Keyboard & Mouse: https://tinyurl.com/ghostpdp

ğŸ‘Ÿ Sneakers: https://howl.me/clHccGkb0M4

ğŸ•¹ï¸ PewDiePie's Tuber Simulator
iOS: https://tinyurl.com/tuberIOS
Android: https://tinyurl.com/tuberandroid

ğŸ•¹ï¸ PewDiePie's Pixelings
iOS: https://tinyurl.com/pixelingsiOS
Android: https://tinyurl.com/pixelingsandroid",2024-06-27T17:30:11Z,"['pewdiepie', 'pewds', 'pewdie']",20,en-US,en-GB,https://i.ytimg.com/vi/pM_rvWwQoqU/default.jpg,PT23M49S,3881482,230712,5124,public,1429,0:23:49,3,https://www.youtube.com/watch?v=pM_rvWwQoqU,https://www.youtube.com/embed/pM_rvWwQoqU,UC-lHJZR3Gqxm24_Vd_AJ5Yw,PewDiePie,I make videos.,JP,https://yt3.ggpht.com/vik8mAiwHQbXiFyKfZ3__p55_VBdGvwxPpuPJBBwdbF0PjJxikXhrP-C3nLQAMAxGNd_-xQCIg=s88-c-k-c0x00ffffff-no-rj,110000000,4649
hrHK7FNgnrM,hrHK7FNgnrM,Training like Mishima for 7 Days,"Shop GFUEL now! https://affiliateshop.gfuel.com/pewdiepie

Get exclusive NordVPN deal here âµ https://NordVPN.com/pewdiepie Itâ€™s risk free with Nordâ€™s 30 day money-back guarantee!âœŒ

ğŸ“° Get ""The Kjellberg Mail"" (family newsletter w Mertz): https://the-kjellberg-mail.beehiiv.com/p/july

Official Æ¿à«¯Ï‰áƒ«É¿à«¯Æ¿É¿à«¯ TikTok: https://www.tiktok.com/@pewdiepie

âˆ Official Æ¿à«¯Ï‰áƒ«É¿à«¯Æ¿É¿à«¯ Infinity Stream: https://www.twitch.tv/pewdiepie

âš™ï¸ My Setup (affiliate links)âš™ï¸
ğŸ–¥ï¸  PC: https://howl.me/clHcdRoIePi
ğŸ§ Headphones: https://www.anrdoezrs.net/click-100814745-14330447
ğŸª‘ Chair: https://tinyurl.com/clutchpdp
âŒ¨ï¸ ğŸ–±ï¸ Keyboard & Mouse: https://tinyurl.com/ghostpdp

ğŸ‘Ÿ Sneakers: https://howl.me/clHccGkb0M4

ğŸ•¹ï¸ PewDiePie's Tuber Simulator
iOS: https://tinyurl.com/tuberIOS
Android: https://tinyurl.com/tuberandroid

ğŸ•¹ï¸ PewDiePie's Pixelings
iOS: https://tinyurl.com/pixelingsiOS
Android: https://tinyurl.com/pixelingsandroid",2024-06-22T17:15:02Z,"['pewdiepie', 'pewds', 'pewdie']",20,en-US,en-GB,https://i.ytimg.com/vi/hrHK7FNgnrM/default.jpg,PT8M23S,2478907,155540,5457,public,503,0:08:23,3,https://www.youtube.com/watch?v=hrHK7FNgnrM,https://www.youtube.com/embed/hrHK7FNgnrM,UC-lHJZR3Gqxm24_Vd_AJ5Yw,PewDiePie,I make videos.,JP,https://yt3.ggpht.com/vik8mAiwHQbXiFyKfZ3__p55_VBdGvwxPpuPJBBwdbF0PjJxikXhrP-C3nLQAMAxGNd_-xQCIg=s88-c-k-c0x00ffffff-no-rj,110000000,4649
ZYsJQmKeZb4,ZYsJQmKeZb4,I'll play Minecraft Again... (MAYBE),"ğŸŒ Get exclusive NordVPN deal here âµ  https://NordVPN.com/pewdiepie Itâ€™s risk free with Nordâ€™s 30 day money-back guarantee!âœŒ

Official Æ¿à«¯Ï‰áƒ«É¿à«¯Æ¿É¿à«¯ TikTok: https://www.tiktok.com/@pewdiepie

âˆ Official Æ¿à«¯Ï‰áƒ«É¿à«¯Æ¿É¿à«¯ Infinity Stream: https://www.twitch.tv/pewdiepie

âš™ï¸ My Setup (affiliate links)âš™ï¸
ğŸ–¥ï¸  PC: https://howl.me/clHcdRoIePi
ğŸ§ Headphones: https://www.anrdoezrs.net/click-100814745-14330447
ğŸª‘ Chair: https://tinyurl.com/clutchpdp
âŒ¨ï¸ ğŸ–±ï¸ Keyboard & Mouse: https://tinyurl.com/ghostpdp

ğŸ‘Ÿ Sneakers: https://howl.me/clHccGkb0M4

ğŸ•¹ï¸ PewDiePie's Tuber Simulator
iOS: https://tinyurl.com/tuberIOS
Android: https://tinyurl.com/tuberandroid

ğŸ•¹ï¸ PewDiePie's Pixelings
iOS: https://tinyurl.com/pixelingsiOS
Android: https://tinyurl.com/pixelingsandroid",2024-06-18T17:00:31Z,"['pewdiepie', 'pewds', 'pewdie']",20,en-US,en-GB,https://i.ytimg.com/vi/ZYsJQmKeZb4/default.jpg,PT15M51S,5653939,551337,18091,public,951,0:15:51,3,https://www.youtube.com/watch?v=ZYsJQmKeZb4,https://www.youtube.com/embed/ZYsJQmKeZb4,UC-lHJZR3Gqxm24_Vd_AJ5Yw,PewDiePie,I make videos.,JP,https://yt3.ggpht.com/vik8mAiwHQbXiFyKfZ3__p55_VBdGvwxPpuPJBBwdbF0PjJxikXhrP-C3nLQAMAxGNd_-xQCIg=s88-c-k-c0x00ffffff-no-rj,110000000,4649
TwtjzPZj2XY,TwtjzPZj2XY,I brought the boy to his homeland,"Go to https://ridge.com/pewdiepie to get up to 40% off some of my favorite Ridge products!
Sponsored by Ridge.

Get exclusive NordVPN deal here âµ https://NordVPN.com/pewdiepie Itâ€™s risk free with Nordâ€™s 30 day money-back guarantee!âœŒ

ğŸ“° Get ""The Kjellberg Mail"" (family newsletter w Mertz): https://the-kjellberg-mail.beehiiv.com/p/july

Official Æ¿à«¯Ï‰áƒ«É¿à«¯Æ¿É¿à«¯ TikTok: https://www.tiktok.com/@pewdiepie

âˆ Official Æ¿à«¯Ï‰áƒ«É¿à«¯Æ¿É¿à«¯ Infinity Stream: https://www.twitch.tv/pewdiepie

âš™ï¸ My Setup (affiliate links)âš™ï¸
ğŸ–¥ï¸  PC: https://howl.me/clHcdRoIePi
ğŸ§ Headphones: https://www.anrdoezrs.net/click-100814745-14330447
ğŸª‘ Chair: https://tinyurl.com/clutchpdp
âŒ¨ï¸ ğŸ–±ï¸ Keyboard & Mouse: https://tinyurl.com/ghostpdp

ğŸ‘Ÿ Sneakers: https://howl.me/clHccGkb0M4

ğŸ•¹ï¸ PewDiePie's Tuber Simulator
iOS: https://tinyurl.com/tuberIOS
Android: https://tinyurl.com/tuberandroid

ğŸ•¹ï¸ PewDiePie's Pixelings
iOS: https://tinyurl.com/pixelingsiOS
Android: https://tinyurl.com/pixelingsandroid",2024-06-04T16:00:44Z,"['pewdiepie', 'pewds', 'pewdie']",20,en-US,en-GB,https://i.ytimg.com/vi/TwtjzPZj2XY/default.jpg,PT29M30S,5060324,286575,8959,public,1770,0:29:30,3,https://www.youtube.com/watch?v=TwtjzPZj2XY,https://www.youtube.com/embed/TwtjzPZj2XY,UC-lHJZR3Gqxm24_Vd_AJ5Yw,PewDiePie,I make videos.,JP,https://yt3.ggpht.com/vik8mAiwHQbXiFyKfZ3__p55_VBdGvwxPpuPJBBwdbF0PjJxikXhrP-C3nLQAMAxGNd_-xQCIg=s88-c-k-c0x00ffffff-no-rj,110000000,4649
3CqDamkcXPk,3CqDamkcXPk,YouTubers are ruining Japan,"BOGO FREE #GFUEL (affiliate) â¡ï¸ğŸ¥¤ https://affiliateshop.gfuel.com/bogo-pewdiepie

ğŸ§#SubscribeğŸ§

Get exclusive NordVPN deal here âµ https://NordVPN.com/pewdiepie Itâ€™s risk free with Nordâ€™s 30 day money-back guarantee!âœŒ

Official Æ¿à«¯Ï‰áƒ«É¿à«¯Æ¿É¿à«¯ TikTok: https://www.tiktok.com/@pewdiepie

âˆ Official Æ¿à«¯Ï‰áƒ«É¿à«¯Æ¿É¿à«¯ Infinity Stream: https://www.twitch.tv/pewdiepie

âš™ï¸ My Setup (affiliate links)âš™ï¸
ğŸ–¥ï¸  PC: https://howl.me/clHcdRoIePi
ğŸ§ Headphones: https://www.anrdoezrs.net/click-100814745-14330447
ğŸª‘ Chair: https://tinyurl.com/clutchpdp
âŒ¨ï¸ ğŸ–±ï¸ Keyboard & Mouse: https://tinyurl.com/ghostpdp

ğŸ‘Ÿ Sneakers: https://howl.me/clHccGkb0M4

ğŸ•¹ï¸ PewDiePie's Tuber Simulator
iOS: https://tinyurl.com/tuberIOS
Android: https://tinyurl.com/tuberandroid

ğŸ•¹ï¸ PewDiePie's Pixelings
iOS: https://tinyurl.com/pixelingsiOS
Android: https://tinyurl.com/pixelingsandroid",2024-05-22T16:30:00Z,"['pewdiepie', 'pewds', 'pewdie', 'Japan', 'PewDiePie Japan', 'Japan vlog']",24,en-US,en-GB,https://i.ytimg.com/vi/3CqDamkcXPk/default.jpg,PT15M48S,2965139,145944,6463,public,948,0:15:48,6,https://www.youtube.com/watch?v=3CqDamkcXPk,https://www.youtube.com/embed/3CqDamkcXPk,UC-lHJZR3Gqxm24_Vd_AJ5Yw,PewDiePie,I make videos.,JP,https://yt3.ggpht.com/vik8mAiwHQbXiFyKfZ3__p55_VBdGvwxPpuPJBBwdbF0PjJxikXhrP-C3nLQAMAxGNd_-xQCIg=s88-c-k-c0x00ffffff-no-rj,110000000,4649
Pl6KcYzyvJE,Pl6KcYzyvJE,I went to the holy land..,"Get exclusive NordVPN deal here âµ https://NordVPN.com/pewdiepie Itâ€™s risk free with Nordâ€™s 30 day money-back guarantee!âœŒ

Get exclusive NordVPN deal here âµ https://NordVPN.com/pewdiepie Itâ€™s risk free with Nordâ€™s 30 day money-back guarantee!âœŒ

Official Æ¿à«¯Ï‰áƒ«É¿à«¯Æ¿É¿à«¯ TikTok: https://www.tiktok.com/@pewdiepie

âˆ Official Æ¿à«¯Ï‰áƒ«É¿à«¯Æ¿É¿à«¯ Infinity Stream: https://www.twitch.tv/pewdiepie

âš™ï¸ My Setup (affiliate links)âš™ï¸
ğŸ–¥ï¸  PC: https://howl.me/clHcdRoIePi
ğŸ§ Headphones: https://www.anrdoezrs.net/click-100814745-14330447
ğŸª‘ Chair: https://tinyurl.com/clutchpdp
âŒ¨ï¸ ğŸ–±ï¸ Keyboard & Mouse: https://tinyurl.com/ghostpdp

ğŸ‘Ÿ Sneakers: https://howl.me/clHccGkb0M4

ğŸ•¹ï¸ PewDiePie's Tuber Simulator
iOS: https://tinyurl.com/tuberIOS
Android: https://tinyurl.com/tuberandroid

ğŸ•¹ï¸ PewDiePie's Pixelings
iOS: https://tinyurl.com/pixelingsiOS
Android: https://tinyurl.com/pixelingsandroid",2024-05-13T17:00:26Z,"['pewdiepie', 'pewds', 'pewdie']",20,en-US,en-GB,https://i.ytimg.com/vi/Pl6KcYzyvJE/default.jpg,PT32M24S,3063161,143561,4421,public,1944,0:32:24,3,https://www.youtube.com/watch?v=Pl6KcYzyvJE,https://www.youtube.com/embed/Pl6KcYzyvJE,UC-lHJZR3Gqxm24_Vd_AJ5Yw,PewDiePie,I make videos.,JP,https://yt3.ggpht.com/vik8mAiwHQbXiFyKfZ3__p55_VBdGvwxPpuPJBBwdbF0PjJxikXhrP-C3nLQAMAxGNd_-xQCIg=s88-c-k-c0x00ffffff-no-rj,110000000,4649
KvN8U6cqiu0,KvN8U6cqiu0,Reacting to my Wife's Memes,"Get exclusive NordVPN deal here âµ https://NordVPN.com/pewdiepie Itâ€™s risk free with Nordâ€™s 30 day money-back guarantee!âœŒ

ğŸ§#SubscribeğŸ§

Stock Up On â¡ï¸ğŸ¥¤Gfuel (affiliate): https://gfuel.ly/pewdiepie-collection
#Code #Pewdiepie

Official Æ¿à«¯Ï‰áƒ«É¿à«¯Æ¿É¿à«¯ TikTok: https://www.tiktok.com/@pewdiepie

âˆ Official Æ¿à«¯Ï‰áƒ«É¿à«¯Æ¿É¿à«¯ Infinity Stream: https://www.twitch.tv/pewdiepie

âš™ï¸ My Setup (affiliate links)âš™ï¸
ğŸ–¥ï¸  PC: https://howl.me/clHcdRoIePi
ğŸ§ Headphones: https://www.anrdoezrs.net/click-100814745-14330447
ğŸª‘ Chair: https://tinyurl.com/clutchpdp
âŒ¨ï¸ ğŸ–±ï¸ Keyboard & Mouse: https://tinyurl.com/ghostpdp

ğŸ‘Ÿ Sneakers: https://howl.me/clHccGkb0M4

ğŸ•¹ï¸ PewDiePie's Tuber Simulator
iOS: https://tinyurl.com/tuberIOS
Android: https://tinyurl.com/tuberandroid

ğŸ•¹ï¸ PewDiePie's Pixelings
iOS: https://tinyurl.com/pixelingsiOS
Android: https://tinyurl.com/pixelingsandroid",2024-04-30T17:31:11Z,"['pewdiepie', 'pewds', 'pewdie', 'marzia', 'pewdiepie marzia', 'ylyl', 'pewdiepie ylyl', 'pewdiepie memes', 'memes']",24,en-US,en-GB,https://i.ytimg.com/vi/KvN8U6cqiu0/default.jpg,PT15M45S,2480061,162446,3039,public,945,0:15:45,9,https://www.youtube.com/watch?v=KvN8U6cqiu0,https://www.youtube.com/embed/KvN8U6cqiu0,UC-lHJZR3Gqxm24_Vd_AJ5Yw,PewDiePie,I make videos.,JP,https://yt3.ggpht.com/vik8mAiwHQbXiFyKfZ3__p55_VBdGvwxPpuPJBBwdbF0PjJxikXhrP-C3nLQAMAxGNd_-xQCIg=s88-c-k-c0x00ffffff-no-rj,110000000,4649
17Rw1Lu_iWA,17Rw1Lu_iWA,Studied the Slinky for 52 Days Straight..,"ğŸ¥¤Gfuel's BOGO on now!!! https://affiliateshop.gfuel.com/pewdiepie #Code #Pewdiepie

ğŸŒ Get exclusive NordVPN deal here âµ https://NordVPN.com/pewdiepie Itâ€™s risk free with Nordâ€™s 30 day money-back guarantee!âœŒ

Official Æ¿à«¯Ï‰áƒ«É¿à«¯Æ¿É¿à«¯ TikTok: https://www.tiktok.com/@pewdiepie

âˆ Official Æ¿à«¯Ï‰áƒ«É¿à«¯Æ¿É¿à«¯ Infinity Stream: https://www.twitch.tv/pewdiepie

âš™ï¸ My Setup (affiliate links)âš™ï¸
ğŸ–¥ï¸  PC: https://howl.me/clHcdRoIePi
ğŸ§ Headphones: https://www.anrdoezrs.net/click-100814745-14330447
ğŸª‘ Chair: https://tinyurl.com/clutchpdp
âŒ¨ï¸ ğŸ–±ï¸ Keyboard & Mouse: https://tinyurl.com/ghostpdp

ğŸ‘Ÿ Sneakers: https://howl.me/clHccGkb0M4

ğŸ•¹ï¸ PewDiePie's Tuber Simulator
iOS: https://tinyurl.com/tuberIOS
Android: https://tinyurl.com/tuberandroid

ğŸ•¹ï¸ PewDiePie's Pixelings
iOS: https://tinyurl.com/pixelingsiOS
Android: https://tinyurl.com/pixelingsandroid",2024-04-25T17:00:02Z,"['pewdiepie', 'pewds', 'pewdie']",20,en-US,en-GB,https://i.ytimg.com/vi/17Rw1Lu_iWA/default.jpg,PT9M3S,1793652,121681,3852,public,543,0:09:03,3,https://www.youtube.com/watch?v=17Rw1Lu_iWA,https://www.youtube.com/embed/17Rw1Lu_iWA,UC-lHJZR3Gqxm24_Vd_AJ5Yw,PewDiePie,I make videos.,JP,https://yt3.ggpht.com/vik8mAiwHQbXiFyKfZ3__p55_VBdGvwxPpuPJBBwdbF0PjJxikXhrP-C3nLQAMAxGNd_-xQCIg=s88-c-k-c0x00ffffff-no-rj,110000000,4649
7qo8dOn3p60,7qo8dOn3p60,I made him cry..,"#ad Go to https://incogni.com/pewdiepie and use code pewdiepie to get an exclusive 60% off an annualÂ IncogniÂ plan.



Get exclusive NordVPN deal here âµ https://NordVPN.com/pewdiepie Itâ€™s risk free with Nordâ€™s 30 day money-back guarantee!âœŒ

Official Æ¿à«¯Ï‰áƒ«É¿à«¯Æ¿É¿à«¯ TikTok: https://www.tiktok.com/@pewdiepie

âˆ Official Æ¿à«¯Ï‰áƒ«É¿à«¯Æ¿É¿à«¯ Infinity Stream: https://www.twitch.tv/pewdiepie

âš™ï¸ My Setup (affiliate links)âš™ï¸
ğŸ–¥ï¸  PC: https://howl.me/clHcdRoIePi
ğŸ§ Headphones: https://www.anrdoezrs.net/click-100814745-14330447
ğŸª‘ Chair: https://tinyurl.com/clutchpdp
âŒ¨ï¸ ğŸ–±ï¸ Keyboard & Mouse: https://tinyurl.com/ghostpdp

ğŸ‘Ÿ Sneakers: https://howl.me/clHccGkb0M4

ğŸ•¹ï¸ PewDiePie's Tuber Simulator
iOS: https://tinyurl.com/tuberIOS
Android: https://tinyurl.com/tuberandroid

ğŸ•¹ï¸ PewDiePie's Pixelings
iOS: https://tinyurl.com/pixelingsiOS
Android: https://tinyurl.com/pixelingsandroid",2024-04-15T22:50:12Z,"['pewdiepie', 'pewds', 'pewdie']",20,en-US,en-GB,https://i.ytimg.com/vi/7qo8dOn3p60/default.jpg,PT17M13S,2237052,143948,5818,public,1033,0:17:13,3,https://www.youtube.com/watch?v=7qo8dOn3p60,https://www.youtube.com/embed/7qo8dOn3p60,UC-lHJZR3Gqxm24_Vd_AJ5Yw,PewDiePie,I make videos.,JP,https://yt3.ggpht.com/vik8mAiwHQbXiFyKfZ3__p55_VBdGvwxPpuPJBBwdbF0PjJxikXhrP-C3nLQAMAxGNd_-xQCIg=s88-c-k-c0x00ffffff-no-rj,110000000,4649
ahx0iw78lUE,ahx0iw78lUE,Showing Jack my memes,"ğŸŒ Get exclusive NordVPN deal here âµ https://NordVPN.com/pewdiepie Itâ€™s risk free with Nordâ€™s 30 day money-backÂ guarantee!âœŒ

ğŸ§#SubscribeğŸ§

Stock Up On â¡ï¸ğŸ¥¤Gfuel (affiliate): https://gfuel.ly/pewdiepie-collection
#Code #Pewdiepie

Get exclusive NordVPN deal here âµ https://NordVPN.com/pewdiepie Itâ€™s risk free with Nordâ€™s 30 day money-back guarantee!âœŒ

Official Æ¿à«¯Ï‰áƒ«É¿à«¯Æ¿É¿à«¯ TikTok: https://www.tiktok.com/@pewdiepie

âˆ Official Æ¿à«¯Ï‰áƒ«É¿à«¯Æ¿É¿à«¯ Infinity Stream: https://www.twitch.tv/pewdiepie

âš™ï¸ My Setup (affiliate links)âš™ï¸
ğŸ–¥ï¸  PC: https://howl.me/clHcdRoIePi
ğŸ§ Headphones: https://www.anrdoezrs.net/click-100814745-14330447
ğŸª‘ Chair: https://tinyurl.com/clutchpdp
âŒ¨ï¸ ğŸ–±ï¸ Keyboard & Mouse: https://tinyurl.com/ghostpdp

ğŸ‘Ÿ Sneakers: https://howl.me/clHccGkb0M4

ğŸ•¹ï¸ PewDiePie's Tuber Simulator
iOS: https://tinyurl.com/tuberIOS
Android: https://tinyurl.com/tuberandroid

ğŸ•¹ï¸ PewDiePie's Pixelings
iOS: https://tinyurl.com/pixelingsiOS
Android: https://tinyurl.com/pixelingsandroid",2024-03-31T17:32:47Z,"['pewdiepie', 'pewds', 'pewdie', 'jack', 'pewdiepie jacksepticeye', 'jacksepticeye', 'ylyl', 'memes', 'pewdiepie memes', 'pewdiepie ylyl', 'pewdiepie jack ylyl']",24,en-US,en-GB,https://i.ytimg.com/vi/ahx0iw78lUE/default.jpg,PT39M57S,4552350,234299,5100,public,2397,0:39:57,11,https://www.youtube.com/watch?v=ahx0iw78lUE,https://www.youtube.com/embed/ahx0iw78lUE,UC-lHJZR3Gqxm24_Vd_AJ5Yw,PewDiePie,I make videos.,JP,https://yt3.ggpht.com/vik8mAiwHQbXiFyKfZ3__p55_VBdGvwxPpuPJBBwdbF0PjJxikXhrP-C3nLQAMAxGNd_-xQCIg=s88-c-k-c0x00ffffff-no-rj,110000000,4649
cUUuRK3Rm4k,cUUuRK3Rm4k,First Stream In Forever! / Haunted House Reaction / Alone in The Dark / Chatting /,"#ad Alone in the Dark is out now: 
Steam: https://thqn.net/49qk8m4
PS5: https://thqn.net/49vJoXV
XBOX: https://thqn.net/49tYw8w",2024-03-23T03:07:27Z,"['pewdiepie', 'pewds', 'pewdie']",20,en-US,en-GB,https://i.ytimg.com/vi/cUUuRK3Rm4k/default.jpg,PT1H52M52S,815495,36392,573,public,6772,1:52:52,3,https://www.youtube.com/watch?v=cUUuRK3Rm4k,https://www.youtube.com/embed/cUUuRK3Rm4k,UC-lHJZR3Gqxm24_Vd_AJ5Yw,PewDiePie,I make videos.,JP,https://yt3.ggpht.com/vik8mAiwHQbXiFyKfZ3__p55_VBdGvwxPpuPJBBwdbF0PjJxikXhrP-C3nLQAMAxGNd_-xQCIg=s88-c-k-c0x00ffffff-no-rj,110000000,4649
_flqrzcGhrE,_flqrzcGhrE,I survived being Alone In The Dark...,"Pre-order Alone in the Dark now:Â 
Steam: https://thqn.net/49qk8m4
PS5: https://thqn.net/49vJoXV
XBOX: https://thqn.net/49tYw8w 
Watch other creatorsâ€™ runs:      https://thqn.net/4cbtaWjÂ 

Watch the Behind the Scenes video here: https://load.gg/AitDBTSPewDiePie

Watch THQ Nordic's Hero Piece: https://load.gg/AitDHeroPewDiePie


#AloneInTheDarkÂ #ReturnToDercetoÂ #hauntedhouse #ad 

--
ğŸ§#SubscribeğŸ§

Stock Up On â¡ï¸ğŸ¥¤Gfuel (affiliate): https://gfuel.ly/pewdiepie-collection
#Code #Pewdiepie

Get exclusive NordVPN deal here âµ https://NordVPN.com/pewdiepie Itâ€™s risk free with Nordâ€™s 30 day money-back guarantee!âœŒ

Official Æ¿à«¯Ï‰áƒ«É¿à«¯Æ¿É¿à«¯ TikTok: https://www.tiktok.com/@pewdiepie

âˆ Official Æ¿à«¯Ï‰áƒ«É¿à«¯Æ¿É¿à«¯ Infinity Stream: https://www.twitch.tv/pewdiepie

âš™ï¸ My Setup (affiliate links)âš™ï¸
ğŸ–¥ï¸  PC: https://howl.me/clHcdRoIePi
ğŸ§ Headphones:  https://www.anrdoezrs.net/click-100814745-14330447
ğŸª‘ Chair: https://tinyurl.com/clutchpdp
âŒ¨ï¸ ğŸ–±ï¸ Keyboard & Mouse: https://tinyurl.com/ghostpdp

ğŸ‘Ÿ Sneakers: https://howl.me/clHccGkb0M4

ğŸ•¹ï¸ PewDiePie's Tuber Simulator
iOS: https://tinyurl.com/tuberIOS
Android: https://tinyurl.com/tuberandroid

ğŸ•¹ï¸ PewDiePie's Pixelings
iOS: https://tinyurl.com/pixelingsiOS
Android: https://tinyurl.com/pixelingsandroid",2024-03-15T10:00:28Z,"['pewdiepie', 'pewds', 'pewdie']",20,en-US,en-GB,https://i.ytimg.com/vi/_flqrzcGhrE/default.jpg,PT24M15S,2276635,139995,3680,public,1455,0:24:15,3,https://www.youtube.com/watch?v=_flqrzcGhrE,https://www.youtube.com/embed/_flqrzcGhrE,UC-lHJZR3Gqxm24_Vd_AJ5Yw,PewDiePie,I make videos.,JP,https://yt3.ggpht.com/vik8mAiwHQbXiFyKfZ3__p55_VBdGvwxPpuPJBBwdbF0PjJxikXhrP-C3nLQAMAxGNd_-xQCIg=s88-c-k-c0x00ffffff-no-rj,110000000,4649
YWrFNoTXbKs,YWrFNoTXbKs,Our Winter Trip!,"#AD ğŸ•µï¸ CHECK OUT https://www.based.ggğŸ•µï¸




Stock Up On â¡ï¸ğŸ¥¤Gfuel (affiliate): https://gfuel.ly/pewdiepie-collection
#Code #Pewdiepie

Get exclusive NordVPN deal here âµ https://NordVPN.com/pewdiepie Itâ€™s risk free with Nordâ€™s 30 day money-back guarantee!âœŒ

Official Æ¿à«¯Ï‰áƒ«É¿à«¯Æ¿É¿à«¯ TikTok: https://www.tiktok.com/@pewdiepie

âˆ Official Æ¿à«¯Ï‰áƒ«É¿à«¯Æ¿É¿à«¯ Infinity Stream: https://www.twitch.tv/pewdiepie

âš™ï¸ My Setup (affiliate links)âš™ï¸
ğŸ–¥ï¸  PC: https://howl.me/clHcdRoIePi
ğŸ§ Headphones: https://www.anrdoezrs.net/click-100814745-14330447
ğŸª‘ Chair: https://tinyurl.com/clutchpdp
âŒ¨ï¸ ğŸ–±ï¸ Keyboard & Mouse: https://tinyurl.com/ghostpdp

ğŸ‘Ÿ Sneakers: https://howl.me/clHccGkb0M4

ğŸ•¹ï¸ PewDiePie's Tuber Simulator
iOS: https://tinyurl.com/tuberIOS
Android: https://tinyurl.com/tuberandroid

ğŸ•¹ï¸ PewDiePie's Pixelings
iOS: https://tinyurl.com/pixelingsiOS
Android: https://tinyurl.com/pixelingsandroid",2024-03-08T17:30:04Z,"['pewdiepie', 'pewds', 'pewdie']",20,en-US,en-GB,https://i.ytimg.com/vi/YWrFNoTXbKs/default.jpg,PT23M27S,1931006,116748,3797,public,1407,0:23:27,3,https://www.youtube.com/watch?v=YWrFNoTXbKs,https://www.youtube.com/embed/YWrFNoTXbKs,UC-lHJZR3Gqxm24_Vd_AJ5Yw,PewDiePie,I make videos.,JP,https://yt3.ggpht.com/vik8mAiwHQbXiFyKfZ3__p55_VBdGvwxPpuPJBBwdbF0PjJxikXhrP-C3nLQAMAxGNd_-xQCIg=s88-c-k-c0x00ffffff-no-rj,110000000,4649
FcLaxJbWHZs,FcLaxJbWHZs,How a Reddit Post ChangedÂ myÂ Life,"ğŸ§#SubscribeğŸ§

Get exclusive NordVPN deal here âµ https://NordVPN.com/pewdiepie Itâ€™s risk free with Nordâ€™s 30 day money-back guarantee!âœŒ

Stock Up On â¡ï¸ğŸ¥¤Gfuel (affiliate): https://gfuel.ly/pewdiepie-collection
#Code #Pewdiepie

Official Æ¿à«¯Ï‰áƒ«É¿à«¯Æ¿É¿à«¯ TikTok: https://www.tiktok.com/@pewdiepie

âˆ Official Æ¿à«¯Ï‰áƒ«É¿à«¯Æ¿É¿à«¯ Infinity Stream: https://www.twitch.tv/pewdiepie

âš™ï¸ My Setup (affiliate links)âš™ï¸
ğŸ–¥ï¸  PC: https://howl.me/clHcdRoIePi
ğŸ§ Headphones: https://www.anrdoezrs.net/click-100814745-14330447
ğŸª‘ Chair: https://tinyurl.com/clutchpdp
âŒ¨ï¸ ğŸ–±ï¸ Keyboard & Mouse: https://tinyurl.com/ghostpdp

ğŸ‘Ÿ Sneakers: https://howl.me/clHccGkb0M4

ğŸ•¹ï¸ PewDiePie's Tuber Simulator
iOS: https://tinyurl.com/tuberIOS
Android: https://tinyurl.com/tuberandroid

ğŸ•¹ï¸ PewDiePie's Pixelings
iOS: https://tinyurl.com/pixelingsiOS
Android: https://tinyurl.com/pixelingsandroid",2024-02-29T16:00:16Z,"['pewdiepie', 'pewds', 'pewdie', 'reddit stories', 'reddit', 'How a Reddit Post Changed\xa0my\xa0Life', 'climbing', 'bouldering', 'climbing beginner', 'magnus', 'hardest climb', 'fitness']",24,en-US,en-GB,https://i.ytimg.com/vi/FcLaxJbWHZs/default.jpg,PT18M59S,4771757,267447,7605,public,1139,0:18:59,12,https://www.youtube.com/watch?v=FcLaxJbWHZs,https://www.youtube.com/embed/FcLaxJbWHZs,UC-lHJZR3Gqxm24_Vd_AJ5Yw,PewDiePie,I make videos.,JP,https://yt3.ggpht.com/vik8mAiwHQbXiFyKfZ3__p55_VBdGvwxPpuPJBBwdbF0PjJxikXhrP-C3nLQAMAxGNd_-xQCIg=s88-c-k-c0x00ffffff-no-rj,110000000,4649
