id,title,description,publishedAt,tags,categoryId,defaultLanguage,defaultAudioLanguage,thumbnail_default,thumbnail_high,duration,viewCount,likeCount,commentCount,privacyStatus,channel_id,channel_title,channel_description,channel_country,channel_thumbnail,channel_subscriberCount,channel_videoCount
8XwoR5rzseI,Have you ever wondered about this in python?,"DevLaunch is my mentorship program where I personally help developers go beyond tutorials, build real-world projects, and actually land jobs. No fluff. Just real accountability, proven strategies, and hands-on guidance. Learn more here - https://training.devlaunch.us/tim",2025-09-21T16:11:38Z,tech with tim,27,en,en-CA,https://i.ytimg.com/vi/8XwoR5rzseI/default.jpg,https://i.ytimg.com/vi/8XwoR5rzseI/hqdefault.jpg,PT49S,24681,638,4,public,UC4JX40jDee_tINbkjycV4Sg,Tech With Tim,"I'm Tim, a self-taught developer & entrepreneur who brings you educational tech content without the fluff and noise. I went from a broke dropout working at McDonalds to making $100k+/month as a developer, travelling the world and moving to Dubai all before the age of 22. I've since helped thousands of aspiring developers land their first software engineering role and assisted mid-level devs land jobs at companies like google.

Max landed his first developer job 3 weeks after going through my training.
Youssef was laid off and landed a new role in 2 months while working with me.
Jamario landing competing job offers before graduating college.

If you want to learn more you can click the first link and watch my free training on how we help developers who already know how to code get hired by top tech companies.
",CA,https://yt3.ggpht.com/ytc/AIdro_k15oXl74WcnpdL-uVBv6IHBgAfXEEnpUiS-IoEyV1auyY=s88-c-k-c0x00ffffff-no-rj,1860000,1641
uu1UY9oRAKk,The BEST ways to make money from coding.,"DevLaunch is my mentorship program where I personally help developers go beyond tutorials, build real-world projects, and actually land jobs. No fluff. Just real accountability, proven strategies, and hands-on guidance. Learn more here - https://training.devlaunch.us/tim",2025-09-20T13:18:29Z,tech with tim,27,en,en-CA,https://i.ytimg.com/vi/uu1UY9oRAKk/default.jpg,https://i.ytimg.com/vi/uu1UY9oRAKk/hqdefault.jpg,PT47S,7115,261,8,public,UC4JX40jDee_tINbkjycV4Sg,Tech With Tim,"I'm Tim, a self-taught developer & entrepreneur who brings you educational tech content without the fluff and noise. I went from a broke dropout working at McDonalds to making $100k+/month as a developer, travelling the world and moving to Dubai all before the age of 22. I've since helped thousands of aspiring developers land their first software engineering role and assisted mid-level devs land jobs at companies like google.

Max landed his first developer job 3 weeks after going through my training.
Youssef was laid off and landed a new role in 2 months while working with me.
Jamario landing competing job offers before graduating college.

If you want to learn more you can click the first link and watch my free training on how we help developers who already know how to code get hired by top tech companies.
",CA,https://yt3.ggpht.com/ytc/AIdro_k15oXl74WcnpdL-uVBv6IHBgAfXEEnpUiS-IoEyV1auyY=s88-c-k-c0x00ffffff-no-rj,1860000,1641
APLbIeLU9QY,Did you know about this Python function?,"DevLaunch is my mentorship program where I personally help developers go beyond tutorials, build real-world projects, and actually land jobs. No fluff. Just real accountability, proven strategies, and hands-on guidance. Learn more here - https://training.devlaunch.us/tim",2025-09-19T19:40:06Z,tech with tim,27,en,en-CA,https://i.ytimg.com/vi/APLbIeLU9QY/default.jpg,https://i.ytimg.com/vi/APLbIeLU9QY/hqdefault.jpg,PT1M3S,22867,678,10,public,UC4JX40jDee_tINbkjycV4Sg,Tech With Tim,"I'm Tim, a self-taught developer & entrepreneur who brings you educational tech content without the fluff and noise. I went from a broke dropout working at McDonalds to making $100k+/month as a developer, travelling the world and moving to Dubai all before the age of 22. I've since helped thousands of aspiring developers land their first software engineering role and assisted mid-level devs land jobs at companies like google.

Max landed his first developer job 3 weeks after going through my training.
Youssef was laid off and landed a new role in 2 months while working with me.
Jamario landing competing job offers before graduating college.

If you want to learn more you can click the first link and watch my free training on how we help developers who already know how to code get hired by top tech companies.
",CA,https://yt3.ggpht.com/ytc/AIdro_k15oXl74WcnpdL-uVBv6IHBgAfXEEnpUiS-IoEyV1auyY=s88-c-k-c0x00ffffff-no-rj,1860000,1641
S6OZ3r5LqJc,Check the description for my full blueprint on how to land a high paying developer job.,"DevLaunch is my mentorship program where I personally help developers go beyond tutorials, build real-world projects, and actually land jobs. No fluff. Just real accountability, proven strategies, and hands-on guidance. Learn more here - https://training.devlaunch.us/tim

üéû Video Resources üéû

‚è≥ Timestamps ‚è≥

Hashtags",2025-09-18T17:55:25Z,tech with tim,27,en,en-CA,https://i.ytimg.com/vi/S6OZ3r5LqJc/default.jpg,https://i.ytimg.com/vi/S6OZ3r5LqJc/hqdefault.jpg,PT36S,12365,512,8,public,UC4JX40jDee_tINbkjycV4Sg,Tech With Tim,"I'm Tim, a self-taught developer & entrepreneur who brings you educational tech content without the fluff and noise. I went from a broke dropout working at McDonalds to making $100k+/month as a developer, travelling the world and moving to Dubai all before the age of 22. I've since helped thousands of aspiring developers land their first software engineering role and assisted mid-level devs land jobs at companies like google.

Max landed his first developer job 3 weeks after going through my training.
Youssef was laid off and landed a new role in 2 months while working with me.
Jamario landing competing job offers before graduating college.

If you want to learn more you can click the first link and watch my free training on how we help developers who already know how to code get hired by top tech companies.
",CA,https://yt3.ggpht.com/ytc/AIdro_k15oXl74WcnpdL-uVBv6IHBgAfXEEnpUiS-IoEyV1auyY=s88-c-k-c0x00ffffff-no-rj,1860000,1641
YESrXVkcCHY,The Best AI Coding Tools for Developers in 2025 (That I Actually Use),"üöÄ Try Flow Pro free for 14 days + get an extra month free with my code TECHWITHTIM!
üëâ Start here: https://ref.wisprflow.ai/techwithtim

I have gone over a lot of AI tools on this channel. I've made probably 30 plus videos at this point covering those various tools. I want to talk to you about which ones I actually use on a day by day basis as a developer, what tools are open on my computer and are getting the most use.

DevLaunch is my mentorship program where I personally help developers go beyond tutorials, build real-world projects, and actually land jobs. No fluff. Just real accountability, proven strategies, and hands-on guidance. Learn more here - https://training.devlaunch.us/tim?video=YESrXVkcCHY

‚è≥ Timestamps ‚è≥
00:00 | Overview
00:25 | Cursor/Windsurf 
01:52 | ChatGPT
03:24 | Flow
05:40 | DeepAgent
07:09 | Warp.dev
08:41 | Lovable
10:07 | TLDV
11:20 | Blitzy
12:57 | Zapier
13:53 | Python Frameworks

Hashtags
#AITools #AIAgents #SoftwareEngineer",2025-09-18T13:30:42Z,tech with tim|AI Tools|AI Agents|Cursor AI|Windsurf|ChatGPT|Wispr|Wispr Flow|DeepAgent|Warp AI|Lovable AI|TLDV|Blitzy AI|Zapier|LangChain|LangGraph|Vapi|Livekit|Deepgram|developer tools|ai productivity|ai for developers|ai automation|developer productivity|ai coding tools|ai software review|ai workflow|programming tools|ai integration|ai development|tech tools for developers|ai tool recommendations,27,en,en-CA,https://i.ytimg.com/vi/YESrXVkcCHY/default.jpg,https://i.ytimg.com/vi/YESrXVkcCHY/hqdefault.jpg,PT15M12S,23948,918,45,public,UC4JX40jDee_tINbkjycV4Sg,Tech With Tim,"I'm Tim, a self-taught developer & entrepreneur who brings you educational tech content without the fluff and noise. I went from a broke dropout working at McDonalds to making $100k+/month as a developer, travelling the world and moving to Dubai all before the age of 22. I've since helped thousands of aspiring developers land their first software engineering role and assisted mid-level devs land jobs at companies like google.

Max landed his first developer job 3 weeks after going through my training.
Youssef was laid off and landed a new role in 2 months while working with me.
Jamario landing competing job offers before graduating college.

If you want to learn more you can click the first link and watch my free training on how we help developers who already know how to code get hired by top tech companies.
",CA,https://yt3.ggpht.com/ytc/AIdro_k15oXl74WcnpdL-uVBv6IHBgAfXEEnpUiS-IoEyV1auyY=s88-c-k-c0x00ffffff-no-rj,1860000,1641
7V7cf24aNTM,Is this the wildest way to make money as a dev?üò≥,"DevLaunch is my mentorship program where I personally help developers go beyond tutorials, build real-world projects, and actually land jobs. No fluff. Just real accountability, proven strategies, and hands-on guidance. Learn more here - https://training.devlaunch.us/tim",2025-09-17T19:34:11Z,tech with tim,27,en,en-CA,https://i.ytimg.com/vi/7V7cf24aNTM/default.jpg,https://i.ytimg.com/vi/7V7cf24aNTM/hqdefault.jpg,PT40S,19188,477,5,public,UC4JX40jDee_tINbkjycV4Sg,Tech With Tim,"I'm Tim, a self-taught developer & entrepreneur who brings you educational tech content without the fluff and noise. I went from a broke dropout working at McDonalds to making $100k+/month as a developer, travelling the world and moving to Dubai all before the age of 22. I've since helped thousands of aspiring developers land their first software engineering role and assisted mid-level devs land jobs at companies like google.

Max landed his first developer job 3 weeks after going through my training.
Youssef was laid off and landed a new role in 2 months while working with me.
Jamario landing competing job offers before graduating college.

If you want to learn more you can click the first link and watch my free training on how we help developers who already know how to code get hired by top tech companies.
",CA,https://yt3.ggpht.com/ytc/AIdro_k15oXl74WcnpdL-uVBv6IHBgAfXEEnpUiS-IoEyV1auyY=s88-c-k-c0x00ffffff-no-rj,1860000,1641
DlKR3zSwUv8,The truth about AI engineering.,"DevLaunch is my mentorship program where I personally help developers go beyond tutorials, build real-world projects, and actually land jobs. No fluff. Just real accountability, proven strategies, and hands-on guidance. Learn more here - https://training.devlaunch.us/tim",2025-09-16T15:31:39Z,tech with tim,27,en,en-CA,https://i.ytimg.com/vi/DlKR3zSwUv8/default.jpg,https://i.ytimg.com/vi/DlKR3zSwUv8/hqdefault.jpg,PT40S,14409,452,11,public,UC4JX40jDee_tINbkjycV4Sg,Tech With Tim,"I'm Tim, a self-taught developer & entrepreneur who brings you educational tech content without the fluff and noise. I went from a broke dropout working at McDonalds to making $100k+/month as a developer, travelling the world and moving to Dubai all before the age of 22. I've since helped thousands of aspiring developers land their first software engineering role and assisted mid-level devs land jobs at companies like google.

Max landed his first developer job 3 weeks after going through my training.
Youssef was laid off and landed a new role in 2 months while working with me.
Jamario landing competing job offers before graduating college.

If you want to learn more you can click the first link and watch my free training on how we help developers who already know how to code get hired by top tech companies.
",CA,https://yt3.ggpht.com/ytc/AIdro_k15oXl74WcnpdL-uVBv6IHBgAfXEEnpUiS-IoEyV1auyY=s88-c-k-c0x00ffffff-no-rj,1860000,1641
d_LbQwoWI7I,AI Engineering: A Realistic Roadmap for Beginners,"Learn all the skills you need to succeed as an AI engineer in one place:
DataCamp's AI engineer for developers track - https://datacamp.pxf.io/YRxELR
AI Engineer for Developers Associate Certification - https://datacamp.pxf.io/mOB9NX
Get 25% off your DataCamp subscription - https://datacamp.pxf.io/LKGAgZ

If you want to break into AI engineering this video is for you. I break down all of the important skills you need to learn as an aspiring AI developer in a digestible, easy to follow format.

DevLaunch is my mentorship program where I personally help developers go beyond tutorials, build real-world projects, and actually land jobs. No fluff. Just real accountability, proven strategies, and hands-on guidance. Learn more here - https://training.devlaunch.us/tim?video=d_LbQwoWI7I

‚è≥ Timestamps ‚è≥
00:00 | Overview
00:24 | What is AI Engineering?
02:05 | Core Foundation
04:13 | Basic AI Tools
05:33 | Learning this Practically
07:32 | AI Frameworks
09:47 | AI Projects to Build
11:02 | Advanced LLM Skills
13:44 | LLM Ops

Hashtags
#AIEngineer #AIAgents #DataCamp",2025-09-16T13:01:23Z,tech with tim|AI Engineer|AI Roadmap|roadmap|software systems|LangGraph|LangChain|fine tuning|LLM|API|ai prompts|software engineer|machine learning|python|pycharm|loops|variables|functions|python decorators|python generators|meta classes|python modules|git|github|IDE|Cursor|VSCode|virtual environments|jupyter notebook|Gemini|GPT 5|Claude|DeepSeek|Ollama|Docker|DataCamp|AI Agents|HuggingFace|Numpy|Pandas|RAG|MCP Server|Kubernetes|FastAPI,27,en,en-CA,https://i.ytimg.com/vi/d_LbQwoWI7I/default.jpg,https://i.ytimg.com/vi/d_LbQwoWI7I/hqdefault.jpg,PT15M53S,26803,1247,63,public,UC4JX40jDee_tINbkjycV4Sg,Tech With Tim,"I'm Tim, a self-taught developer & entrepreneur who brings you educational tech content without the fluff and noise. I went from a broke dropout working at McDonalds to making $100k+/month as a developer, travelling the world and moving to Dubai all before the age of 22. I've since helped thousands of aspiring developers land their first software engineering role and assisted mid-level devs land jobs at companies like google.

Max landed his first developer job 3 weeks after going through my training.
Youssef was laid off and landed a new role in 2 months while working with me.
Jamario landing competing job offers before graduating college.

If you want to learn more you can click the first link and watch my free training on how we help developers who already know how to code get hired by top tech companies.
",CA,https://yt3.ggpht.com/ytc/AIdro_k15oXl74WcnpdL-uVBv6IHBgAfXEEnpUiS-IoEyV1auyY=s88-c-k-c0x00ffffff-no-rj,1860000,1641
wEZD-aSsmhk,Want to go from beginner to pro? Master these frameworks.,"DevLaunch is my mentorship program where I personally help developers go beyond tutorials, build real-world projects, and actually land jobs. No fluff. Just real accountability, proven strategies, and hands-on guidance. Learn more here - https://training.devlaunch.us/tim",2025-09-15T18:09:51Z,tech with tim,27,en,en-CA,https://i.ytimg.com/vi/wEZD-aSsmhk/default.jpg,https://i.ytimg.com/vi/wEZD-aSsmhk/hqdefault.jpg,PT38S,23461,682,7,public,UC4JX40jDee_tINbkjycV4Sg,Tech With Tim,"I'm Tim, a self-taught developer & entrepreneur who brings you educational tech content without the fluff and noise. I went from a broke dropout working at McDonalds to making $100k+/month as a developer, travelling the world and moving to Dubai all before the age of 22. I've since helped thousands of aspiring developers land their first software engineering role and assisted mid-level devs land jobs at companies like google.

Max landed his first developer job 3 weeks after going through my training.
Youssef was laid off and landed a new role in 2 months while working with me.
Jamario landing competing job offers before graduating college.

If you want to learn more you can click the first link and watch my free training on how we help developers who already know how to code get hired by top tech companies.
",CA,https://yt3.ggpht.com/ytc/AIdro_k15oXl74WcnpdL-uVBv6IHBgAfXEEnpUiS-IoEyV1auyY=s88-c-k-c0x00ffffff-no-rj,1860000,1641
T_k3v9gU3jg,The importance of understanding LLMs.,"DevLaunch is my mentorship program where I personally help developers go beyond tutorials, build real-world projects, and actually land jobs. No fluff. Just real accountability, proven strategies, and hands-on guidance. Learn more here - https://training.devlaunch.us/tim",2025-09-14T15:44:04Z,tech with tim,27,en,en-CA,https://i.ytimg.com/vi/T_k3v9gU3jg/default.jpg,https://i.ytimg.com/vi/T_k3v9gU3jg/hqdefault.jpg,PT56S,20229,992,7,public,UC4JX40jDee_tINbkjycV4Sg,Tech With Tim,"I'm Tim, a self-taught developer & entrepreneur who brings you educational tech content without the fluff and noise. I went from a broke dropout working at McDonalds to making $100k+/month as a developer, travelling the world and moving to Dubai all before the age of 22. I've since helped thousands of aspiring developers land their first software engineering role and assisted mid-level devs land jobs at companies like google.

Max landed his first developer job 3 weeks after going through my training.
Youssef was laid off and landed a new role in 2 months while working with me.
Jamario landing competing job offers before graduating college.

If you want to learn more you can click the first link and watch my free training on how we help developers who already know how to code get hired by top tech companies.
",CA,https://yt3.ggpht.com/ytc/AIdro_k15oXl74WcnpdL-uVBv6IHBgAfXEEnpUiS-IoEyV1auyY=s88-c-k-c0x00ffffff-no-rj,1860000,1641
P85C5igr7bA,I Replaced VSCode & Cursor with Warp for a Day...,"Warp is free to try but for a limited, my friends at Warp are offering their Warp Pro plan with a discount. Use code TIM to redeem here: https://go.warp.dev/tim

DevLaunch is my mentorship program where I personally help developers go beyond tutorials, build real-world projects, and actually land jobs. No fluff. Just real accountability, proven strategies, and hands-on guidance. Learn more here - https://training.devlaunch.us/tim?video=P85C5igr7bA

‚è≥ Timestamps ‚è≥
00:00 | Overview
00:43 | What is Warp?
01:31 | Project Idea
03:49 | Planning Process
05:09 | Build Process
11:08 | Deploy Process

Hashtags
#Warp #AI #Coding",2025-09-14T13:29:42Z,tech with tim|warp ai|vscode|cursor|agentic development environment|minimum viable product|DevLaunch|discord bot|ai|ai agent|warp cursor tool|ai code editing|coding with warp ai|vscode alternative|ai developer workflow|ai coding tools|coding productivity|warp vs vscode|ai autocomplete tools|intelligent code editing|ai programming assistants|developer productivity tools,27,en,en-CA,https://i.ytimg.com/vi/P85C5igr7bA/default.jpg,https://i.ytimg.com/vi/P85C5igr7bA/hqdefault.jpg,PT13M27S,13217,389,59,public,UC4JX40jDee_tINbkjycV4Sg,Tech With Tim,"I'm Tim, a self-taught developer & entrepreneur who brings you educational tech content without the fluff and noise. I went from a broke dropout working at McDonalds to making $100k+/month as a developer, travelling the world and moving to Dubai all before the age of 22. I've since helped thousands of aspiring developers land their first software engineering role and assisted mid-level devs land jobs at companies like google.

Max landed his first developer job 3 weeks after going through my training.
Youssef was laid off and landed a new role in 2 months while working with me.
Jamario landing competing job offers before graduating college.

If you want to learn more you can click the first link and watch my free training on how we help developers who already know how to code get hired by top tech companies.
",CA,https://yt3.ggpht.com/ytc/AIdro_k15oXl74WcnpdL-uVBv6IHBgAfXEEnpUiS-IoEyV1auyY=s88-c-k-c0x00ffffff-no-rj,1860000,1641
NvJ1bqEgbEk,This is rapidly becoming one of the most in-demand roles in tech.,"DevLaunch is my mentorship program where I personally help developers go beyond tutorials, build real-world projects, and actually land jobs. No fluff. Just real accountability, proven strategies, and hands-on guidance. Learn more here - https://training.devlaunch.us/tim

üéû Video Resources üéû

‚è≥ Timestamps ‚è≥

Hashtags",2025-09-13T18:19:31Z,tech with tim,27,en,en-CA,https://i.ytimg.com/vi/NvJ1bqEgbEk/default.jpg,https://i.ytimg.com/vi/NvJ1bqEgbEk/hqdefault.jpg,PT45S,16536,578,8,public,UC4JX40jDee_tINbkjycV4Sg,Tech With Tim,"I'm Tim, a self-taught developer & entrepreneur who brings you educational tech content without the fluff and noise. I went from a broke dropout working at McDonalds to making $100k+/month as a developer, travelling the world and moving to Dubai all before the age of 22. I've since helped thousands of aspiring developers land their first software engineering role and assisted mid-level devs land jobs at companies like google.

Max landed his first developer job 3 weeks after going through my training.
Youssef was laid off and landed a new role in 2 months while working with me.
Jamario landing competing job offers before graduating college.

If you want to learn more you can click the first link and watch my free training on how we help developers who already know how to code get hired by top tech companies.
",CA,https://yt3.ggpht.com/ytc/AIdro_k15oXl74WcnpdL-uVBv6IHBgAfXEEnpUiS-IoEyV1auyY=s88-c-k-c0x00ffffff-no-rj,1860000,1641
Haa4Tw6MWUk,The only video you need to watch if you want to become a software engineer!,"DevLaunch is my mentorship program where I personally help developers go beyond tutorials, build real-world projects, and actually land jobs. No fluff. Just real accountability, proven strategies, and hands-on guidance. Learn more here - https://training.devlaunch.us/tim

üéû Video Resources üéû

‚è≥ Timestamps ‚è≥

Hashtags",2025-09-12T16:04:00Z,tech with tim,27,en,en-CA,https://i.ytimg.com/vi/Haa4Tw6MWUk/default.jpg,https://i.ytimg.com/vi/Haa4Tw6MWUk/hqdefault.jpg,PT52S,14059,504,10,public,UC4JX40jDee_tINbkjycV4Sg,Tech With Tim,"I'm Tim, a self-taught developer & entrepreneur who brings you educational tech content without the fluff and noise. I went from a broke dropout working at McDonalds to making $100k+/month as a developer, travelling the world and moving to Dubai all before the age of 22. I've since helped thousands of aspiring developers land their first software engineering role and assisted mid-level devs land jobs at companies like google.

Max landed his first developer job 3 weeks after going through my training.
Youssef was laid off and landed a new role in 2 months while working with me.
Jamario landing competing job offers before graduating college.

If you want to learn more you can click the first link and watch my free training on how we help developers who already know how to code get hired by top tech companies.
",CA,https://yt3.ggpht.com/ytc/AIdro_k15oXl74WcnpdL-uVBv6IHBgAfXEEnpUiS-IoEyV1auyY=s88-c-k-c0x00ffffff-no-rj,1860000,1641
ebfKOXkegeY,Most people do NOT know what an AI engineer actually is.,"DevLaunch is my mentorship program where I personally help developers go beyond tutorials, build real-world projects, and actually land jobs. No fluff. Just real accountability, proven strategies, and hands-on guidance. Learn more here - https://training.devlaunch.us/tim

üéû Video Resources üéû

‚è≥ Timestamps ‚è≥

Hashtags",2025-09-11T15:28:20Z,tech with tim,27,en,en-CA,https://i.ytimg.com/vi/ebfKOXkegeY/default.jpg,https://i.ytimg.com/vi/ebfKOXkegeY/hqdefault.jpg,PT48S,28296,1045,26,public,UC4JX40jDee_tINbkjycV4Sg,Tech With Tim,"I'm Tim, a self-taught developer & entrepreneur who brings you educational tech content without the fluff and noise. I went from a broke dropout working at McDonalds to making $100k+/month as a developer, travelling the world and moving to Dubai all before the age of 22. I've since helped thousands of aspiring developers land their first software engineering role and assisted mid-level devs land jobs at companies like google.

Max landed his first developer job 3 weeks after going through my training.
Youssef was laid off and landed a new role in 2 months while working with me.
Jamario landing competing job offers before graduating college.

If you want to learn more you can click the first link and watch my free training on how we help developers who already know how to code get hired by top tech companies.
",CA,https://yt3.ggpht.com/ytc/AIdro_k15oXl74WcnpdL-uVBv6IHBgAfXEEnpUiS-IoEyV1auyY=s88-c-k-c0x00ffffff-no-rj,1860000,1641
1y_VE_3_320,Coding is Changing‚Ä¶ The Most Advanced AI Tool Yet,"Check out Blitzy and get started for free: https://blitzy.com/?utm_source=YouTube&utm_medium=Social&utm_campaign=Tech%20with%20Tim

I just found an agent that doesn't just read your code, but it spends days understanding it and then spits out a 200 page technical spec before touching a single line. I've been messing with it for the past few days, and it's been able to generate over 130,000 lines of code from a single prompt. Let me show you how it works.

DevLaunch is my mentorship program where I personally help developers go beyond tutorials, build real-world projects, and actually land jobs. No fluff. Just real accountability, proven strategies, and hands-on guidance. Learn more here - https://training.devlaunch.us/tim?video=1y_VE_3_320

üéû Video Resources üéû
Blitzy Prompt Engineer GPT: https://chatgpt.com/g/g-682b1a90e4508191a095834a013cc59a-blitzy-prompt-engineer?model=gpt-4o
Velocity App Demo: https://www.youtube.com/watch?v=WRker6iTzE8

‚è≥ Timestamps ‚è≥
00:00 | Introduction to Blitzy
01:50 | My Failed Startup Codebase 
02:55 | Blitzy Project Flow
04:43 | Tech Spec Walkthrough
07:19 | Generating Code 
07:56 | Documenting Codebase
09:39 | Refactoring
11:00 | Blitzy Philosophy
13:26 | Prompting Best Practices
15:08 | Adding New Features
16:30 | Testing 
17:23 | Final Thoughts

Hashtags
#BlitzyAI #SoftwareEngineer #AIAgents",2025-09-11T13:00:07Z,tech with tim|Blitzy AI|ai developer tool|advanced ai software|ai for developers|ai tech review|ai innovation|future of ai|ai tool demonstration|ai prompts|software developer|software engineer|code generation|coding documentation|refactoring|ai agent|artificial intelligence|development teams|developer tool|debugging,27,en,en-CA,https://i.ytimg.com/vi/1y_VE_3_320/default.jpg,https://i.ytimg.com/vi/1y_VE_3_320/hqdefault.jpg,PT18M56S,20057,670,112,public,UC4JX40jDee_tINbkjycV4Sg,Tech With Tim,"I'm Tim, a self-taught developer & entrepreneur who brings you educational tech content without the fluff and noise. I went from a broke dropout working at McDonalds to making $100k+/month as a developer, travelling the world and moving to Dubai all before the age of 22. I've since helped thousands of aspiring developers land their first software engineering role and assisted mid-level devs land jobs at companies like google.

Max landed his first developer job 3 weeks after going through my training.
Youssef was laid off and landed a new role in 2 months while working with me.
Jamario landing competing job offers before graduating college.

If you want to learn more you can click the first link and watch my free training on how we help developers who already know how to code get hired by top tech companies.
",CA,https://yt3.ggpht.com/ytc/AIdro_k15oXl74WcnpdL-uVBv6IHBgAfXEEnpUiS-IoEyV1auyY=s88-c-k-c0x00ffffff-no-rj,1860000,1641
yonxXVSAl70,Is this one of the coolest features in python?ü§Ø,"DevLaunch is my mentorship program where I personally help developers go beyond tutorials, build real-world projects, and actually land jobs. No fluff. Just real accountability, proven strategies, and hands-on guidance. Learn more here - https://training.devlaunch.us/tim

üéû Video Resources üéû

‚è≥ Timestamps ‚è≥

Hashtags",2025-09-10T16:41:09Z,tech with tim,27,en,en-CA,https://i.ytimg.com/vi/yonxXVSAl70/default.jpg,https://i.ytimg.com/vi/yonxXVSAl70/hqdefault.jpg,PT54S,24494,614,17,public,UC4JX40jDee_tINbkjycV4Sg,Tech With Tim,"I'm Tim, a self-taught developer & entrepreneur who brings you educational tech content without the fluff and noise. I went from a broke dropout working at McDonalds to making $100k+/month as a developer, travelling the world and moving to Dubai all before the age of 22. I've since helped thousands of aspiring developers land their first software engineering role and assisted mid-level devs land jobs at companies like google.

Max landed his first developer job 3 weeks after going through my training.
Youssef was laid off and landed a new role in 2 months while working with me.
Jamario landing competing job offers before graduating college.

If you want to learn more you can click the first link and watch my free training on how we help developers who already know how to code get hired by top tech companies.
",CA,https://yt3.ggpht.com/ytc/AIdro_k15oXl74WcnpdL-uVBv6IHBgAfXEEnpUiS-IoEyV1auyY=s88-c-k-c0x00ffffff-no-rj,1860000,1641
Je_KYIM9QJc,How To Become a Full Stack Developer in 2025 - Full Roadmap,"Full Stack Development Program with Generative AI: https://bit.ly/GenAI-FSD-Program

If you want to become a full stack developer, then this video is for you. Now, this is one of the most confusing fields that you can get into within software development. Because every tutorial uses a different stack. There's so many languages and technologies, it feels like you need to learn everything and it's just extremely overwhelming. So that's why I'm going to break it down for you.

DevLaunch is my mentorship program where I personally help developers go beyond tutorials, build real-world projects, and actually land jobs. No fluff. Just real accountability, proven strategies, and hands-on guidance. Learn more here - https://training.devlaunch.us/tim

‚è≥ Timestamps ‚è≥
00:00 | Overview
00:36 | What is Full Stack Development
01:22 | Picking a Stack
04:15 | Core Web Skills
05:07 | Frontend
06:30 | Backend
08:17 | Tools
09:53 | Databases
11:29 | Deployment
12:55 | Roadmap

Hashtags
#FullStack #Simplilearn #SoftwareEngineer",2025-09-10T16:25:10Z,tech with tim|full stack developer roadmap 2025|software engineering roadmap|learn full stack development|frontend backend development|web technologies 2025|programming skills|coding bootcamp|tech career guide|developer skills|full stack developer|frontend|backend|mern stack|lamp stack|frameworks|database|apis|json|dns|hosting|html|css|javascript|python|Django|FastAPI|middleware|jwt tokens|git|github|Simplilearn,27,en,en-CA,https://i.ytimg.com/vi/Je_KYIM9QJc/default.jpg,https://i.ytimg.com/vi/Je_KYIM9QJc/hqdefault.jpg,PT14M46S,25514,1064,68,public,UC4JX40jDee_tINbkjycV4Sg,Tech With Tim,"I'm Tim, a self-taught developer & entrepreneur who brings you educational tech content without the fluff and noise. I went from a broke dropout working at McDonalds to making $100k+/month as a developer, travelling the world and moving to Dubai all before the age of 22. I've since helped thousands of aspiring developers land their first software engineering role and assisted mid-level devs land jobs at companies like google.

Max landed his first developer job 3 weeks after going through my training.
Youssef was laid off and landed a new role in 2 months while working with me.
Jamario landing competing job offers before graduating college.

If you want to learn more you can click the first link and watch my free training on how we help developers who already know how to code get hired by top tech companies.
",CA,https://yt3.ggpht.com/ytc/AIdro_k15oXl74WcnpdL-uVBv6IHBgAfXEEnpUiS-IoEyV1auyY=s88-c-k-c0x00ffffff-no-rj,1860000,1641
M5oJY_VfNkE,This is the key to learning web development fundamentals.,"DevLaunch is my mentorship program where I personally help developers go beyond tutorials, build real-world projects, and actually land jobs. No fluff. Just real accountability, proven strategies, and hands-on guidance. Learn more here - https://training.devlaunch.us/tim

üéû Video Resources üéû

‚è≥ Timestamps ‚è≥

Hashtags",2025-09-09T18:56:50Z,tech with tim,27,en,en-CA,https://i.ytimg.com/vi/M5oJY_VfNkE/default.jpg,https://i.ytimg.com/vi/M5oJY_VfNkE/hqdefault.jpg,PT34S,19138,607,9,public,UC4JX40jDee_tINbkjycV4Sg,Tech With Tim,"I'm Tim, a self-taught developer & entrepreneur who brings you educational tech content without the fluff and noise. I went from a broke dropout working at McDonalds to making $100k+/month as a developer, travelling the world and moving to Dubai all before the age of 22. I've since helped thousands of aspiring developers land their first software engineering role and assisted mid-level devs land jobs at companies like google.

Max landed his first developer job 3 weeks after going through my training.
Youssef was laid off and landed a new role in 2 months while working with me.
Jamario landing competing job offers before graduating college.

If you want to learn more you can click the first link and watch my free training on how we help developers who already know how to code get hired by top tech companies.
",CA,https://yt3.ggpht.com/ytc/AIdro_k15oXl74WcnpdL-uVBv6IHBgAfXEEnpUiS-IoEyV1auyY=s88-c-k-c0x00ffffff-no-rj,1860000,1641
LNCZ7JaoKns,Coding is NOT Enough in 2025...,"Start learning cyber security with TryHackMe: https://tryhackme.com/techwithtim. Use my code ""TIM25"" to get 25% off on annual subscription.

In 2025, just being a good developer isn't enough. You can be the best Python developer on the planet, but if you don't know how to position yourself, communicate your skills, and leverage the right tools, then you're going to get buried in all of the noise.

DevLaunch is my mentorship program where I personally help developers go beyond tutorials, build real-world projects, and actually land jobs. No fluff. Just real accountability, proven strategies, and hands-on guidance. Learn more here - https://training.devlaunch.us/tim

‚è≥ Timestamps ‚è≥
00:00 | Coding is Not Enough
01:01 | What Employers Actually Want
02:08 | How to Stand Out
03:40 | Specialization
05:45 | Personal Branding
07:45 | Provide Enormous Evidence
09:50 | Be Professional & Prepared
11:31 | Communicate Effectively
13:12 | The Developer Mindset Shift 

Hashtags
#TryHackMe #JobCareer2025 #SoftwareEngineer",2025-09-08T16:06:35Z,tech with tim|coding trends 2025|future of programming|tech skills 2025|software engineering future|tech industry evolution|programming careers 2025|coding skills beyond basics|tech job market 2025|software engineering trends|lifelong learning tech|tech industry insights|branding|personal branding|software engineer|freelance|job interviews,27,en,en-CA,https://i.ytimg.com/vi/LNCZ7JaoKns/default.jpg,https://i.ytimg.com/vi/LNCZ7JaoKns/hqdefault.jpg,PT14M50S,21669,1079,91,public,UC4JX40jDee_tINbkjycV4Sg,Tech With Tim,"I'm Tim, a self-taught developer & entrepreneur who brings you educational tech content without the fluff and noise. I went from a broke dropout working at McDonalds to making $100k+/month as a developer, travelling the world and moving to Dubai all before the age of 22. I've since helped thousands of aspiring developers land their first software engineering role and assisted mid-level devs land jobs at companies like google.

Max landed his first developer job 3 weeks after going through my training.
Youssef was laid off and landed a new role in 2 months while working with me.
Jamario landing competing job offers before graduating college.

If you want to learn more you can click the first link and watch my free training on how we help developers who already know how to code get hired by top tech companies.
",CA,https://yt3.ggpht.com/ytc/AIdro_k15oXl74WcnpdL-uVBv6IHBgAfXEEnpUiS-IoEyV1auyY=s88-c-k-c0x00ffffff-no-rj,1860000,1641
d64R3Zs7RIE,Check the description to learn how to land a high paying programming job.,"DevLaunch is my mentorship program where I personally help developers go beyond tutorials, build real-world projects, and actually land jobs. No fluff. Just real accountability, proven strategies, and hands-on guidance. Learn more here - https://training.devlaunch.us/tim

üéû Video Resources üéû

‚è≥ Timestamps ‚è≥

Hashtags",2025-09-08T15:10:24Z,tech with tim,27,en,en-CA,https://i.ytimg.com/vi/d64R3Zs7RIE/default.jpg,https://i.ytimg.com/vi/d64R3Zs7RIE/hqdefault.jpg,PT35S,15493,469,14,public,UC4JX40jDee_tINbkjycV4Sg,Tech With Tim,"I'm Tim, a self-taught developer & entrepreneur who brings you educational tech content without the fluff and noise. I went from a broke dropout working at McDonalds to making $100k+/month as a developer, travelling the world and moving to Dubai all before the age of 22. I've since helped thousands of aspiring developers land their first software engineering role and assisted mid-level devs land jobs at companies like google.

Max landed his first developer job 3 weeks after going through my training.
Youssef was laid off and landed a new role in 2 months while working with me.
Jamario landing competing job offers before graduating college.

If you want to learn more you can click the first link and watch my free training on how we help developers who already know how to code get hired by top tech companies.
",CA,https://yt3.ggpht.com/ytc/AIdro_k15oXl74WcnpdL-uVBv6IHBgAfXEEnpUiS-IoEyV1auyY=s88-c-k-c0x00ffffff-no-rj,1860000,1641
XZXZt9rxDPk,Level up your Python projects with this Streamlit hack.,"DevLaunch is my mentorship program where I personally help developers go beyond tutorials, build real-world projects, and actually land jobs. No fluff. Just real accountability, proven strategies, and hands-on guidance. Learn more here - https://training.devlaunch.us/tim

üéû Video Resources üéû

‚è≥ Timestamps ‚è≥

Hashtags",2025-09-07T17:15:24Z,tech with tim,27,en,en-CA,https://i.ytimg.com/vi/XZXZt9rxDPk/default.jpg,https://i.ytimg.com/vi/XZXZt9rxDPk/hqdefault.jpg,PT1M11S,17627,709,3,public,UC4JX40jDee_tINbkjycV4Sg,Tech With Tim,"I'm Tim, a self-taught developer & entrepreneur who brings you educational tech content without the fluff and noise. I went from a broke dropout working at McDonalds to making $100k+/month as a developer, travelling the world and moving to Dubai all before the age of 22. I've since helped thousands of aspiring developers land their first software engineering role and assisted mid-level devs land jobs at companies like google.

Max landed his first developer job 3 weeks after going through my training.
Youssef was laid off and landed a new role in 2 months while working with me.
Jamario landing competing job offers before graduating college.

If you want to learn more you can click the first link and watch my free training on how we help developers who already know how to code get hired by top tech companies.
",CA,https://yt3.ggpht.com/ytc/AIdro_k15oXl74WcnpdL-uVBv6IHBgAfXEEnpUiS-IoEyV1auyY=s88-c-k-c0x00ffffff-no-rj,1860000,1641
C-0PuF06_jk,Easily render charts using this python trick!,"DevLaunch is my mentorship program where I personally help developers go beyond tutorials, build real-world projects, and actually land jobs. No fluff. Just real accountability, proven strategies, and hands-on guidance. Learn more here - https://training.devlaunch.us/tim

üéû Video Resources üéû

‚è≥ Timestamps ‚è≥

Hashtags",2025-09-06T14:19:15Z,tech with tim,27,en,en-CA,https://i.ytimg.com/vi/C-0PuF06_jk/default.jpg,https://i.ytimg.com/vi/C-0PuF06_jk/hqdefault.jpg,PT1M2S,18381,706,5,public,UC4JX40jDee_tINbkjycV4Sg,Tech With Tim,"I'm Tim, a self-taught developer & entrepreneur who brings you educational tech content without the fluff and noise. I went from a broke dropout working at McDonalds to making $100k+/month as a developer, travelling the world and moving to Dubai all before the age of 22. I've since helped thousands of aspiring developers land their first software engineering role and assisted mid-level devs land jobs at companies like google.

Max landed his first developer job 3 weeks after going through my training.
Youssef was laid off and landed a new role in 2 months while working with me.
Jamario landing competing job offers before graduating college.

If you want to learn more you can click the first link and watch my free training on how we help developers who already know how to code get hired by top tech companies.
",CA,https://yt3.ggpht.com/ytc/AIdro_k15oXl74WcnpdL-uVBv6IHBgAfXEEnpUiS-IoEyV1auyY=s88-c-k-c0x00ffffff-no-rj,1860000,1641
wI6ufTULIj0,"MCP Protocol Tutorial: Build an MCP Server for Your App (Clerk, Next.js, Prisma)","Get started building MCP servers with Clerk: https://go.clerk.com/Fj1ahwc

In this video, I'll show you how to build a full stack application with Next.js, but more importantly, how you can build an MCP server for that application, and then connect it to various AI tools. We all know MCP is huge. All kinds of companies are coming out with MCP servers, and this is a relatively new thing. So a lot of people don't understand how to build these servers, but more importantly, how to build them correctly with proper authentication.

DevLaunch is my mentorship program where I personally help developers go beyond tutorials, build real-world projects, and actually land jobs. No fluff. Just real accountability, proven strategies, and hands-on guidance. Learn more here - https://training.devlaunch.us/tim?video=wI6ufTULIj0

üéû Video Resources üéû
Code in this video: https://github.com/techwithtim/NextJs-Clerk-MCP-Server-App
Clerk MCP Docs: https://clerk.com/docs/nextjs/mcp/build-mcp-server
MCP Auth Flow: https://modelcontextprotocol.io/specification/draft/basic/authorization
About MCP: https://modelcontextprotocol.io/docs/learn/architecture
MCP for Beginners Video: https://www.youtube.com/watch?v=L94WBLL0KjY

‚è≥ Timestamps ‚è≥
00:00:00 | Project Overview
00:00:48 | Project Demo
00:04:20 | Understanding MCP Auth
00:08:03 | NextJS Project Setup
00:13:09 | Prisma Database Setup
00:17:26 | NextJS Backend
00:34:52 | NextJS Frontend
01:18:00 | MCP Server Build

Hashtags
#ClerkAI #MCP #NextJS",2025-09-06T13:01:44Z,tech with tim|Clerk AI|NextJS|MCP|Model Context Protocol|mcp server|clerk integration|next.js tutorial|prisma orm|web app development|backend tutorial|api development|mcp authentication|server setup|full-stack development|developer tutorial|javascript backend|authentication server|mcp api|modern web development|build mcp server|app backend|secure authentication|GitHub|MCP Auth|Cursor|Claude,27,en,en-CA,https://i.ytimg.com/vi/wI6ufTULIj0/default.jpg,https://i.ytimg.com/vi/wI6ufTULIj0/hqdefault.jpg,PT1H35M11S,8450,319,31,public,UC4JX40jDee_tINbkjycV4Sg,Tech With Tim,"I'm Tim, a self-taught developer & entrepreneur who brings you educational tech content without the fluff and noise. I went from a broke dropout working at McDonalds to making $100k+/month as a developer, travelling the world and moving to Dubai all before the age of 22. I've since helped thousands of aspiring developers land their first software engineering role and assisted mid-level devs land jobs at companies like google.

Max landed his first developer job 3 weeks after going through my training.
Youssef was laid off and landed a new role in 2 months while working with me.
Jamario landing competing job offers before graduating college.

If you want to learn more you can click the first link and watch my free training on how we help developers who already know how to code get hired by top tech companies.
",CA,https://yt3.ggpht.com/ytc/AIdro_k15oXl74WcnpdL-uVBv6IHBgAfXEEnpUiS-IoEyV1auyY=s88-c-k-c0x00ffffff-no-rj,1860000,1641
1nfRxFJZ7c0,99% of Devs do not know about this!,"DevLaunch is my mentorship program where I personally help developers go beyond tutorials, build real-world projects, and actually land jobs. No fluff. Just real accountability, proven strategies, and hands-on guidance. Learn more here - https://training.devlaunch.us/tim

üéû Video Resources üéû

‚è≥ Timestamps ‚è≥

Hashtags",2025-09-05T19:49:38Z,tech with tim,27,en,en-CA,https://i.ytimg.com/vi/1nfRxFJZ7c0/default.jpg,https://i.ytimg.com/vi/1nfRxFJZ7c0/hqdefault.jpg,PT57S,28158,806,28,public,UC4JX40jDee_tINbkjycV4Sg,Tech With Tim,"I'm Tim, a self-taught developer & entrepreneur who brings you educational tech content without the fluff and noise. I went from a broke dropout working at McDonalds to making $100k+/month as a developer, travelling the world and moving to Dubai all before the age of 22. I've since helped thousands of aspiring developers land their first software engineering role and assisted mid-level devs land jobs at companies like google.

Max landed his first developer job 3 weeks after going through my training.
Youssef was laid off and landed a new role in 2 months while working with me.
Jamario landing competing job offers before graduating college.

If you want to learn more you can click the first link and watch my free training on how we help developers who already know how to code get hired by top tech companies.
",CA,https://yt3.ggpht.com/ytc/AIdro_k15oXl74WcnpdL-uVBv6IHBgAfXEEnpUiS-IoEyV1auyY=s88-c-k-c0x00ffffff-no-rj,1860000,1641
bWE0OZuZA2A,Most Python devs get stuck here ‚Äî fix this and you‚Äôll instantly level up.,"DevLaunch is my mentorship program where I personally help developers go beyond tutorials, build real-world projects, and actually land jobs. No fluff. Just real accountability, proven strategies, and hands-on guidance. Learn more here - https://training.devlaunch.us/tim

üéû Video Resources üéû

‚è≥ Timestamps ‚è≥

Hashtags",2025-09-04T17:20:21Z,tech with tim,27,en,en-CA,https://i.ytimg.com/vi/bWE0OZuZA2A/default.jpg,https://i.ytimg.com/vi/bWE0OZuZA2A/hqdefault.jpg,PT37S,20408,803,13,public,UC4JX40jDee_tINbkjycV4Sg,Tech With Tim,"I'm Tim, a self-taught developer & entrepreneur who brings you educational tech content without the fluff and noise. I went from a broke dropout working at McDonalds to making $100k+/month as a developer, travelling the world and moving to Dubai all before the age of 22. I've since helped thousands of aspiring developers land their first software engineering role and assisted mid-level devs land jobs at companies like google.

Max landed his first developer job 3 weeks after going through my training.
Youssef was laid off and landed a new role in 2 months while working with me.
Jamario landing competing job offers before graduating college.

If you want to learn more you can click the first link and watch my free training on how we help developers who already know how to code get hired by top tech companies.
",CA,https://yt3.ggpht.com/ytc/AIdro_k15oXl74WcnpdL-uVBv6IHBgAfXEEnpUiS-IoEyV1auyY=s88-c-k-c0x00ffffff-no-rj,1860000,1641
JXUcWMFS6Ow,99% of devs don't know what THIS means in Python,"DevLaunch is my mentorship program where I personally help developers go beyond tutorials, build real-world projects, and actually land jobs. No fluff. Just real accountability, proven strategies, and hands-on guidance. Learn more here - https://training.devlaunch.us/tim

üéû Video Resources üéû

‚è≥ Timestamps ‚è≥

Hashtags",2025-09-03T18:30:26Z,tech with tim,27,en,en-CA,https://i.ytimg.com/vi/JXUcWMFS6Ow/default.jpg,https://i.ytimg.com/vi/JXUcWMFS6Ow/hqdefault.jpg,PT1M15S,43415,1040,20,public,UC4JX40jDee_tINbkjycV4Sg,Tech With Tim,"I'm Tim, a self-taught developer & entrepreneur who brings you educational tech content without the fluff and noise. I went from a broke dropout working at McDonalds to making $100k+/month as a developer, travelling the world and moving to Dubai all before the age of 22. I've since helped thousands of aspiring developers land their first software engineering role and assisted mid-level devs land jobs at companies like google.

Max landed his first developer job 3 weeks after going through my training.
Youssef was laid off and landed a new role in 2 months while working with me.
Jamario landing competing job offers before graduating college.

If you want to learn more you can click the first link and watch my free training on how we help developers who already know how to code get hired by top tech companies.
",CA,https://yt3.ggpht.com/ytc/AIdro_k15oXl74WcnpdL-uVBv6IHBgAfXEEnpUiS-IoEyV1auyY=s88-c-k-c0x00ffffff-no-rj,1860000,1641
kAUBB12-OoY,How to go from 0 to 100 in Python PART 2,"DevLaunch is my mentorship program where I personally help developers go beyond tutorials, build real-world projects, and actually land jobs. No fluff. Just real accountability, proven strategies, and hands-on guidance. Learn more here - https://training.devlaunch.us/tim

üéû Video Resources üéû

‚è≥ Timestamps ‚è≥

Hashtags",2025-09-03T16:30:30Z,tech with tim,27,en,en-CA,https://i.ytimg.com/vi/kAUBB12-OoY/default.jpg,https://i.ytimg.com/vi/kAUBB12-OoY/hqdefault.jpg,PT49S,16821,609,17,public,UC4JX40jDee_tINbkjycV4Sg,Tech With Tim,"I'm Tim, a self-taught developer & entrepreneur who brings you educational tech content without the fluff and noise. I went from a broke dropout working at McDonalds to making $100k+/month as a developer, travelling the world and moving to Dubai all before the age of 22. I've since helped thousands of aspiring developers land their first software engineering role and assisted mid-level devs land jobs at companies like google.

Max landed his first developer job 3 weeks after going through my training.
Youssef was laid off and landed a new role in 2 months while working with me.
Jamario landing competing job offers before graduating college.

If you want to learn more you can click the first link and watch my free training on how we help developers who already know how to code get hired by top tech companies.
",CA,https://yt3.ggpht.com/ytc/AIdro_k15oXl74WcnpdL-uVBv6IHBgAfXEEnpUiS-IoEyV1auyY=s88-c-k-c0x00ffffff-no-rj,1860000,1641
_y3LNjg0o_8,How to go from 0 to 100 in Python,"DevLaunch is my mentorship program where I personally help developers go beyond tutorials, build real-world projects, and actually land jobs. No fluff. Just real accountability, proven strategies, and hands-on guidance. Learn more here - https://training.devlaunch.us/tim

üéû Video Resources üéû

‚è≥ Timestamps ‚è≥

Hashtags",2025-09-03T14:30:34Z,tech with tim,27,en,en-CA,https://i.ytimg.com/vi/_y3LNjg0o_8/default.jpg,https://i.ytimg.com/vi/_y3LNjg0o_8/hqdefault.jpg,PT1M6S,18309,811,10,public,UC4JX40jDee_tINbkjycV4Sg,Tech With Tim,"I'm Tim, a self-taught developer & entrepreneur who brings you educational tech content without the fluff and noise. I went from a broke dropout working at McDonalds to making $100k+/month as a developer, travelling the world and moving to Dubai all before the age of 22. I've since helped thousands of aspiring developers land their first software engineering role and assisted mid-level devs land jobs at companies like google.

Max landed his first developer job 3 weeks after going through my training.
Youssef was laid off and landed a new role in 2 months while working with me.
Jamario landing competing job offers before graduating college.

If you want to learn more you can click the first link and watch my free training on how we help developers who already know how to code get hired by top tech companies.
",CA,https://yt3.ggpht.com/ytc/AIdro_k15oXl74WcnpdL-uVBv6IHBgAfXEEnpUiS-IoEyV1auyY=s88-c-k-c0x00ffffff-no-rj,1860000,1641
FTe2_rrXDMM,Done Learning Python? Do THIS NOW,"DevLaunch is my mentorship program where I personally help developers go beyond tutorials, build real-world projects, and actually land jobs. No fluff. Just real accountability, proven strategies, and hands-on guidance. Learn more here - https://training.devlaunch.us/tim

üéû Video Resources üéû

‚è≥ Timestamps ‚è≥

Hashtags",2025-09-03T12:15:52Z,tech with tim,27,en,en-CA,https://i.ytimg.com/vi/FTe2_rrXDMM/default.jpg,https://i.ytimg.com/vi/FTe2_rrXDMM/hqdefault.jpg,PT55S,16647,977,18,public,UC4JX40jDee_tINbkjycV4Sg,Tech With Tim,"I'm Tim, a self-taught developer & entrepreneur who brings you educational tech content without the fluff and noise. I went from a broke dropout working at McDonalds to making $100k+/month as a developer, travelling the world and moving to Dubai all before the age of 22. I've since helped thousands of aspiring developers land their first software engineering role and assisted mid-level devs land jobs at companies like google.

Max landed his first developer job 3 weeks after going through my training.
Youssef was laid off and landed a new role in 2 months while working with me.
Jamario landing competing job offers before graduating college.

If you want to learn more you can click the first link and watch my free training on how we help developers who already know how to code get hired by top tech companies.
",CA,https://yt3.ggpht.com/ytc/AIdro_k15oXl74WcnpdL-uVBv6IHBgAfXEEnpUiS-IoEyV1auyY=s88-c-k-c0x00ffffff-no-rj,1860000,1641
sNH9xmVPxJI,How to become a Python web dev in 2025,"DevLaunch is my mentorship program where I personally help developers go beyond tutorials, build real-world projects, and actually land jobs. No fluff. Just real accountability, proven strategies, and hands-on guidance. Learn more here - https://training.devlaunch.us/tim

üéû Video Resources üéû

‚è≥ Timestamps ‚è≥

Hashtags",2025-09-02T02:29:47Z,tech with tim,27,en,en-CA,https://i.ytimg.com/vi/sNH9xmVPxJI/default.jpg,https://i.ytimg.com/vi/sNH9xmVPxJI/hqdefault.jpg,PT1M6S,25470,1208,27,public,UC4JX40jDee_tINbkjycV4Sg,Tech With Tim,"I'm Tim, a self-taught developer & entrepreneur who brings you educational tech content without the fluff and noise. I went from a broke dropout working at McDonalds to making $100k+/month as a developer, travelling the world and moving to Dubai all before the age of 22. I've since helped thousands of aspiring developers land their first software engineering role and assisted mid-level devs land jobs at companies like google.

Max landed his first developer job 3 weeks after going through my training.
Youssef was laid off and landed a new role in 2 months while working with me.
Jamario landing competing job offers before graduating college.

If you want to learn more you can click the first link and watch my free training on how we help developers who already know how to code get hired by top tech companies.
",CA,https://yt3.ggpht.com/ytc/AIdro_k15oXl74WcnpdL-uVBv6IHBgAfXEEnpUiS-IoEyV1auyY=s88-c-k-c0x00ffffff-no-rj,1860000,1641
i3fDNWGHoG0,Learning Python won't make you a software engineer!! THIS WILL,"DevLaunch is my mentorship program where I personally help developers go beyond tutorials, build real-world projects, and actually land jobs. No fluff. Just real accountability, proven strategies, and hands-on guidance. Learn more here - https://training.devlaunch.us/tim

üéû Video Resources üéû

‚è≥ Timestamps ‚è≥

Hashtags",2025-08-29T04:04:59Z,tech with tim,27,en,en-CA,https://i.ytimg.com/vi/i3fDNWGHoG0/default.jpg,https://i.ytimg.com/vi/i3fDNWGHoG0/hqdefault.jpg,PT58S,33790,1702,35,public,UC4JX40jDee_tINbkjycV4Sg,Tech With Tim,"I'm Tim, a self-taught developer & entrepreneur who brings you educational tech content without the fluff and noise. I went from a broke dropout working at McDonalds to making $100k+/month as a developer, travelling the world and moving to Dubai all before the age of 22. I've since helped thousands of aspiring developers land their first software engineering role and assisted mid-level devs land jobs at companies like google.

Max landed his first developer job 3 weeks after going through my training.
Youssef was laid off and landed a new role in 2 months while working with me.
Jamario landing competing job offers before graduating college.

If you want to learn more you can click the first link and watch my free training on how we help developers who already know how to code get hired by top tech companies.
",CA,https://yt3.ggpht.com/ytc/AIdro_k15oXl74WcnpdL-uVBv6IHBgAfXEEnpUiS-IoEyV1auyY=s88-c-k-c0x00ffffff-no-rj,1860000,1641
jv8IbOnaUPM,Python is Changing ‚Äì Here‚Äôs What‚Äôs Coming,"Just like programing - it is evolving, so is Python. The way that we use Python today is drastically different than 5 or 10 years ago. Now I actually had a look at the Python developer survey. They surveyed over 30,000 developers specifically focused on Python. And in this video I'm going to break down some of the most interesting results.

Check out the full Python Developers Survey Results here: https://jb.gg/python-survey-results-2025 
Read the blog post by Michael Kennedy highlighting the top insights from the survey: https://jb.gg/state-of-python-2025 
Check out PyCharm, the only Python IDE you need to build data models and AI agents. Download now, free forever, plus one month of Pro included: https://jb.gg/Try-PyCharm 

DevLaunch is my mentorship program where I personally help developers go beyond tutorials, build real-world projects, and actually land jobs. No fluff. Just real accountability, proven strategies, and hands-on guidance. Learn more here - https://training.devlaunch.us/tim

‚è≥ Timestamps ‚è≥
00:00 | Overview
00:41 | Python Survey Details
01:27 | Python Usage vs Other Languages
04:00 | Python Modules
06:26 | Data Science Usage
08:37 | Development Tools
11:13 | Python Packaging
12:03 | Demographics
13:01 | Final Thoughts

Hashtags
#Python #JetBrains #SoftwareEngineer",2025-08-28T12:53:09Z,tech with tim|future of python programming|python updates 2025|python language evolution|python 2025 features|python career prospects|python data analysis trends|python tools and libraries 2025|data analysis|web development|machine learning|data engineering|web scraping|parsing|DevOps|MLOps|FastAPI|Django|Flask|Asyncio|frameworks|data science|SciKit Learn|PyTorch|ChatGPT|GitHub Copilot|ORMs|databases|IDE|UV|Streamlit|Pydantic,27,en,en-CA,https://i.ytimg.com/vi/jv8IbOnaUPM/default.jpg,https://i.ytimg.com/vi/jv8IbOnaUPM/hqdefault.jpg,PT14M25S,155921,5080,295,public,UC4JX40jDee_tINbkjycV4Sg,Tech With Tim,"I'm Tim, a self-taught developer & entrepreneur who brings you educational tech content without the fluff and noise. I went from a broke dropout working at McDonalds to making $100k+/month as a developer, travelling the world and moving to Dubai all before the age of 22. I've since helped thousands of aspiring developers land their first software engineering role and assisted mid-level devs land jobs at companies like google.

Max landed his first developer job 3 weeks after going through my training.
Youssef was laid off and landed a new role in 2 months while working with me.
Jamario landing competing job offers before graduating college.

If you want to learn more you can click the first link and watch my free training on how we help developers who already know how to code get hired by top tech companies.
",CA,https://yt3.ggpht.com/ytc/AIdro_k15oXl74WcnpdL-uVBv6IHBgAfXEEnpUiS-IoEyV1auyY=s88-c-k-c0x00ffffff-no-rj,1860000,1641
ZFFWhwe_pq8,THIS Docker Update will change AI forever,"DevLaunch is my mentorship program where I personally help developers go beyond tutorials, build real-world projects, and actually land jobs. No fluff. Just real accountability, proven strategies, and hands-on guidance. Learn more here - https://training.devlaunch.us/tim

üéû Video Resources üéû

‚è≥ Timestamps ‚è≥

Hashtags",2025-08-27T11:44:52Z,tech with tim,27,en,en-CA,https://i.ytimg.com/vi/ZFFWhwe_pq8/default.jpg,https://i.ytimg.com/vi/ZFFWhwe_pq8/hqdefault.jpg,PT41S,23233,818,8,public,UC4JX40jDee_tINbkjycV4Sg,Tech With Tim,"I'm Tim, a self-taught developer & entrepreneur who brings you educational tech content without the fluff and noise. I went from a broke dropout working at McDonalds to making $100k+/month as a developer, travelling the world and moving to Dubai all before the age of 22. I've since helped thousands of aspiring developers land their first software engineering role and assisted mid-level devs land jobs at companies like google.

Max landed his first developer job 3 weeks after going through my training.
Youssef was laid off and landed a new role in 2 months while working with me.
Jamario landing competing job offers before graduating college.

If you want to learn more you can click the first link and watch my free training on how we help developers who already know how to code get hired by top tech companies.
",CA,https://yt3.ggpht.com/ytc/AIdro_k15oXl74WcnpdL-uVBv6IHBgAfXEEnpUiS-IoEyV1auyY=s88-c-k-c0x00ffffff-no-rj,1860000,1641
zhJCbvyGlp4,How to MASTER Data Structures and Algorithms PART 3,"DevLaunch is my mentorship program where I personally help developers go beyond tutorials, build real-world projects, and actually land jobs. No fluff. Just real accountability, proven strategies, and hands-on guidance. Learn more here - https://training.devlaunch.us/tim

üéû Video Resources üéû

‚è≥ Timestamps ‚è≥

Hashtags",2025-08-27T03:01:06Z,tech with tim,27,en,en-CA,https://i.ytimg.com/vi/zhJCbvyGlp4/default.jpg,https://i.ytimg.com/vi/zhJCbvyGlp4/hqdefault.jpg,PT1M9S,27395,1541,16,public,UC4JX40jDee_tINbkjycV4Sg,Tech With Tim,"I'm Tim, a self-taught developer & entrepreneur who brings you educational tech content without the fluff and noise. I went from a broke dropout working at McDonalds to making $100k+/month as a developer, travelling the world and moving to Dubai all before the age of 22. I've since helped thousands of aspiring developers land their first software engineering role and assisted mid-level devs land jobs at companies like google.

Max landed his first developer job 3 weeks after going through my training.
Youssef was laid off and landed a new role in 2 months while working with me.
Jamario landing competing job offers before graduating college.

If you want to learn more you can click the first link and watch my free training on how we help developers who already know how to code get hired by top tech companies.
",CA,https://yt3.ggpht.com/ytc/AIdro_k15oXl74WcnpdL-uVBv6IHBgAfXEEnpUiS-IoEyV1auyY=s88-c-k-c0x00ffffff-no-rj,1860000,1641
cQMGwslwS9w,THIS is how you should write classes in programming,"DevLaunch is my mentorship program where I personally help developers go beyond tutorials, build real-world projects, and actually land jobs. No fluff. Just real accountability, proven strategies, and hands-on guidance. Learn more here - https://training.devlaunch.us/tim

üéû Video Resources üéû

‚è≥ Timestamps ‚è≥

Hashtags",2025-08-27T03:00:40Z,tech with tim,27,en,en-CA,https://i.ytimg.com/vi/cQMGwslwS9w/default.jpg,https://i.ytimg.com/vi/cQMGwslwS9w/hqdefault.jpg,PT1M7S,30094,930,15,public,UC4JX40jDee_tINbkjycV4Sg,Tech With Tim,"I'm Tim, a self-taught developer & entrepreneur who brings you educational tech content without the fluff and noise. I went from a broke dropout working at McDonalds to making $100k+/month as a developer, travelling the world and moving to Dubai all before the age of 22. I've since helped thousands of aspiring developers land their first software engineering role and assisted mid-level devs land jobs at companies like google.

Max landed his first developer job 3 weeks after going through my training.
Youssef was laid off and landed a new role in 2 months while working with me.
Jamario landing competing job offers before graduating college.

If you want to learn more you can click the first link and watch my free training on how we help developers who already know how to code get hired by top tech companies.
",CA,https://yt3.ggpht.com/ytc/AIdro_k15oXl74WcnpdL-uVBv6IHBgAfXEEnpUiS-IoEyV1auyY=s88-c-k-c0x00ffffff-no-rj,1860000,1641
noqQ1dCtT6M,The 4 Mistakes That Kill Dev Portfolios (you‚Äôre doing number 2),"Click this link https://www.boot.dev?promo=TECHWITHTIM and use my code TECHWITHTIM to get 25% off your first payment for boot.dev.

You might be making one of these mistakes right now, and it's silently killing your chances. I've reviewed hundreds of portfolios and these four issues show up almost every single time. Now, if you can fix them, your portfolio goes from ""meh"" to ""hire this dev"".

DevLaunch is my mentorship program where I personally help developers go beyond tutorials, build real-world projects, and actually land jobs. No fluff. Just real accountability, proven strategies, and hands-on guidance. Learn more here - https://training.devlaunch.us/tim

‚è≥ Timestamps ‚è≥
00:00 | Overview 
00:17 | What is a Portfolio
02:18 | Mistake 1
03:41 | Mistake 2
05:15 | Mistake 3
07:00 | Mistake 4

Hashtags
#SoftwareEngineer #Portfolio #Career2025",2025-08-26T13:01:33Z,tech with tim|dev portfolio|portfolio mistakes|software developer tips|portfolio errors|coding portfolio|developer career advice|tech career mistakes|programming portfolio tips|tech portfolio showcase|coding projects|portfolio optimization|portfolio presentation|web developer portfolio|portfolio mistakes to fix|GitHub|portfolio projects|PostgreSQL|frontend|backend|api|DevLaunch|Boot.Dev,27,en,en-CA,https://i.ytimg.com/vi/noqQ1dCtT6M/default.jpg,https://i.ytimg.com/vi/noqQ1dCtT6M/hqdefault.jpg,PT9M45S,7164,369,16,public,UC4JX40jDee_tINbkjycV4Sg,Tech With Tim,"I'm Tim, a self-taught developer & entrepreneur who brings you educational tech content without the fluff and noise. I went from a broke dropout working at McDonalds to making $100k+/month as a developer, travelling the world and moving to Dubai all before the age of 22. I've since helped thousands of aspiring developers land their first software engineering role and assisted mid-level devs land jobs at companies like google.

Max landed his first developer job 3 weeks after going through my training.
Youssef was laid off and landed a new role in 2 months while working with me.
Jamario landing competing job offers before graduating college.

If you want to learn more you can click the first link and watch my free training on how we help developers who already know how to code get hired by top tech companies.
",CA,https://yt3.ggpht.com/ytc/AIdro_k15oXl74WcnpdL-uVBv6IHBgAfXEEnpUiS-IoEyV1auyY=s88-c-k-c0x00ffffff-no-rj,1860000,1641
UFnFJukpdWk,How to MASTER Data Structures and Algorithms PART 2,"DevLaunch is my mentorship program where I personally help developers go beyond tutorials, build real-world projects, and actually land jobs. No fluff. Just real accountability, proven strategies, and hands-on guidance. Learn more here - https://training.devlaunch.us/tim

üéû Video Resources üéû

‚è≥ Timestamps ‚è≥

Hashtags",2025-08-26T03:30:12Z,tech with tim,27,en,en-CA,https://i.ytimg.com/vi/UFnFJukpdWk/default.jpg,https://i.ytimg.com/vi/UFnFJukpdWk/hqdefault.jpg,PT58S,32267,1265,14,public,UC4JX40jDee_tINbkjycV4Sg,Tech With Tim,"I'm Tim, a self-taught developer & entrepreneur who brings you educational tech content without the fluff and noise. I went from a broke dropout working at McDonalds to making $100k+/month as a developer, travelling the world and moving to Dubai all before the age of 22. I've since helped thousands of aspiring developers land their first software engineering role and assisted mid-level devs land jobs at companies like google.

Max landed his first developer job 3 weeks after going through my training.
Youssef was laid off and landed a new role in 2 months while working with me.
Jamario landing competing job offers before graduating college.

If you want to learn more you can click the first link and watch my free training on how we help developers who already know how to code get hired by top tech companies.
",CA,https://yt3.ggpht.com/ytc/AIdro_k15oXl74WcnpdL-uVBv6IHBgAfXEEnpUiS-IoEyV1auyY=s88-c-k-c0x00ffffff-no-rj,1860000,1641
NvxP_oNOVAE,How to MASTER Data Structures and Algorithms PART 1,"DevLaunch is my mentorship program where I personally help developers go beyond tutorials, build real-world projects, and actually land jobs. No fluff. Just real accountability, proven strategies, and hands-on guidance. Learn more here - https://training.devlaunch.us/tim

üéû Video Resources üéû

‚è≥ Timestamps ‚è≥

Hashtags",2025-08-26T03:26:42Z,tech with tim,27,en,en-CA,https://i.ytimg.com/vi/NvxP_oNOVAE/default.jpg,https://i.ytimg.com/vi/NvxP_oNOVAE/hqdefault.jpg,PT49S,18815,558,7,public,UC4JX40jDee_tINbkjycV4Sg,Tech With Tim,"I'm Tim, a self-taught developer & entrepreneur who brings you educational tech content without the fluff and noise. I went from a broke dropout working at McDonalds to making $100k+/month as a developer, travelling the world and moving to Dubai all before the age of 22. I've since helped thousands of aspiring developers land their first software engineering role and assisted mid-level devs land jobs at companies like google.

Max landed his first developer job 3 weeks after going through my training.
Youssef was laid off and landed a new role in 2 months while working with me.
Jamario landing competing job offers before graduating college.

If you want to learn more you can click the first link and watch my free training on how we help developers who already know how to code get hired by top tech companies.
",CA,https://yt3.ggpht.com/ytc/AIdro_k15oXl74WcnpdL-uVBv6IHBgAfXEEnpUiS-IoEyV1auyY=s88-c-k-c0x00ffffff-no-rj,1860000,1641
1bUBoS3QSic,Why learning PYTHON won't land you a job in tech!!,"DevLaunch is my mentorship program where I personally help developers go beyond tutorials, build real-world projects, and actually land jobs. No fluff. Just real accountability, proven strategies, and hands-on guidance. Learn more here - https://training.devlaunch.us/tim

üéû Video Resources üéû

‚è≥ Timestamps ‚è≥

Hashtags",2025-08-25T18:00:01Z,tech with tim,27,en,en-CA,https://i.ytimg.com/vi/1bUBoS3QSic/default.jpg,https://i.ytimg.com/vi/1bUBoS3QSic/hqdefault.jpg,PT29S,18468,418,29,public,UC4JX40jDee_tINbkjycV4Sg,Tech With Tim,"I'm Tim, a self-taught developer & entrepreneur who brings you educational tech content without the fluff and noise. I went from a broke dropout working at McDonalds to making $100k+/month as a developer, travelling the world and moving to Dubai all before the age of 22. I've since helped thousands of aspiring developers land their first software engineering role and assisted mid-level devs land jobs at companies like google.

Max landed his first developer job 3 weeks after going through my training.
Youssef was laid off and landed a new role in 2 months while working with me.
Jamario landing competing job offers before graduating college.

If you want to learn more you can click the first link and watch my free training on how we help developers who already know how to code get hired by top tech companies.
",CA,https://yt3.ggpht.com/ytc/AIdro_k15oXl74WcnpdL-uVBv6IHBgAfXEEnpUiS-IoEyV1auyY=s88-c-k-c0x00ffffff-no-rj,1860000,1641
vM_3wzfaZiE,Why MOST software engineers wanna move to the USA,"DevLaunch is my mentorship program where I personally help developers go beyond tutorials, build real-world projects, and actually land jobs. No fluff. Just real accountability, proven strategies, and hands-on guidance. Learn more here - https://training.devlaunch.us/tim

üéû Video Resources üéû

‚è≥ Timestamps ‚è≥

Hashtags",2025-08-25T16:01:25Z,tech with tim,27,en,en-CA,https://i.ytimg.com/vi/vM_3wzfaZiE/default.jpg,https://i.ytimg.com/vi/vM_3wzfaZiE/hqdefault.jpg,PT46S,28159,640,30,public,UC4JX40jDee_tINbkjycV4Sg,Tech With Tim,"I'm Tim, a self-taught developer & entrepreneur who brings you educational tech content without the fluff and noise. I went from a broke dropout working at McDonalds to making $100k+/month as a developer, travelling the world and moving to Dubai all before the age of 22. I've since helped thousands of aspiring developers land their first software engineering role and assisted mid-level devs land jobs at companies like google.

Max landed his first developer job 3 weeks after going through my training.
Youssef was laid off and landed a new role in 2 months while working with me.
Jamario landing competing job offers before graduating college.

If you want to learn more you can click the first link and watch my free training on how we help developers who already know how to code get hired by top tech companies.
",CA,https://yt3.ggpht.com/ytc/AIdro_k15oXl74WcnpdL-uVBv6IHBgAfXEEnpUiS-IoEyV1auyY=s88-c-k-c0x00ffffff-no-rj,1860000,1641
qketTJTlL_4,THIS python hack will make your code 5x shorter,"DevLaunch is my mentorship program where I personally help developers go beyond tutorials, build real-world projects, and actually land jobs. No fluff. Just real accountability, proven strategies, and hands-on guidance. Learn more here - https://training.devlaunch.us/tim

üéû Video Resources üéû

‚è≥ Timestamps ‚è≥

Hashtags",2025-08-25T07:00:21Z,tech with tim,27,en,en-CA,https://i.ytimg.com/vi/qketTJTlL_4/default.jpg,https://i.ytimg.com/vi/qketTJTlL_4/hqdefault.jpg,PT57S,46673,1768,71,public,UC4JX40jDee_tINbkjycV4Sg,Tech With Tim,"I'm Tim, a self-taught developer & entrepreneur who brings you educational tech content without the fluff and noise. I went from a broke dropout working at McDonalds to making $100k+/month as a developer, travelling the world and moving to Dubai all before the age of 22. I've since helped thousands of aspiring developers land their first software engineering role and assisted mid-level devs land jobs at companies like google.

Max landed his first developer job 3 weeks after going through my training.
Youssef was laid off and landed a new role in 2 months while working with me.
Jamario landing competing job offers before graduating college.

If you want to learn more you can click the first link and watch my free training on how we help developers who already know how to code get hired by top tech companies.
",CA,https://yt3.ggpht.com/ytc/AIdro_k15oXl74WcnpdL-uVBv6IHBgAfXEEnpUiS-IoEyV1auyY=s88-c-k-c0x00ffffff-no-rj,1860000,1641
cUC-hyjpNxk,"How to Build an Advanced AI Agent with Search (LangGraph, Python, Bright Data & More)","Get started with BrightData and get $20 in credits for free: https://brdta.com/twt_websearch 

Check out PyCharm, the Python IDE for data and web professionals: https://jb.gg/check-pycharm-now   

In this video, we're building an advanced AI agent in Python using LangGraph. Now, this isn't going to be a basic jump on. This is a multi-step, deep research agent that will pull live data from sources like Google, Bing, and Reddit. I'm going to be covering advanced Python concepts, complex architecture, and best practices for building agents that go far beyond just a single prompt response.

DevLaunch is my mentorship program where I personally help developers go beyond tutorials, build real-world projects, and actually land jobs. No fluff. Just real accountability, proven strategies, and hands-on guidance. Learn more here - https://training.devlaunch.us/tim

üéû Video Resources üéû
Code in this video: https://github.com/techwithtim/Advanced-Langflow-Web-Agent
Learn LangGraph: https://www.youtube.com/watch?v=1w5cCXlh7JQ&ab_channel=TechWithTim
UV Tutorial: https://www.youtube.com/watch?v=6pttmsBSi8M&t=1s&ab_channel=TechWithTim

‚è≥ Timestamps ‚è≥
00:00:00 | Overview 
00:00:55 | Project Demo
00:03:34 | Understanding Web Search
00:06:04 | Understanding the Architecture 
00:08:35 | Project Setup 
00:11:36 | Langflow Structure
00:37:44 | BrightData Setup
00:51:12 | Web Operations/Scraping/Searching 
01:08:49 | LLM Calls & Prompting

Hashtags
#LangGraph #Python #AIAgents",2025-08-24T12:54:42Z,tech with tim|BrightData|LangGraph|Python|PyCharm|ai agent development|langgraph tutorial|python ai search|multi-agent system tutorial|langchain ai framework|virtual environment setup|deep learning in python|building ai agents|llm integration techniques|python ai development|chatbot creation guide|ai tools for developers|web discovery api|Google|Bing|Twitter|Reddit|TikTok|LangFlow|LLMs|LLM Calls,27,en,en-CA,https://i.ytimg.com/vi/cUC-hyjpNxk/default.jpg,https://i.ytimg.com/vi/cUC-hyjpNxk/hqdefault.jpg,PT1H33M1S,27831,1071,54,public,UC4JX40jDee_tINbkjycV4Sg,Tech With Tim,"I'm Tim, a self-taught developer & entrepreneur who brings you educational tech content without the fluff and noise. I went from a broke dropout working at McDonalds to making $100k+/month as a developer, travelling the world and moving to Dubai all before the age of 22. I've since helped thousands of aspiring developers land their first software engineering role and assisted mid-level devs land jobs at companies like google.

Max landed his first developer job 3 weeks after going through my training.
Youssef was laid off and landed a new role in 2 months while working with me.
Jamario landing competing job offers before graduating college.

If you want to learn more you can click the first link and watch my free training on how we help developers who already know how to code get hired by top tech companies.
",CA,https://yt3.ggpht.com/ytc/AIdro_k15oXl74WcnpdL-uVBv6IHBgAfXEEnpUiS-IoEyV1auyY=s88-c-k-c0x00ffffff-no-rj,1860000,1641
iwSgWyA-EAk,4 Crucial MISTAKES that are destroying your portfolio PART 1,"DevLaunch is my mentorship program where I personally help developers go beyond tutorials, build real-world projects, and actually land jobs. No fluff. Just real accountability, proven strategies, and hands-on guidance. Learn more here - https://training.devlaunch.us/tim

üéû Video Resources üéû

‚è≥ Timestamps ‚è≥

Hashtags",2025-08-24T03:13:41Z,tech with tim,27,en,en-CA,https://i.ytimg.com/vi/iwSgWyA-EAk/default.jpg,https://i.ytimg.com/vi/iwSgWyA-EAk/hqdefault.jpg,PT52S,17582,481,9,public,UC4JX40jDee_tINbkjycV4Sg,Tech With Tim,"I'm Tim, a self-taught developer & entrepreneur who brings you educational tech content without the fluff and noise. I went from a broke dropout working at McDonalds to making $100k+/month as a developer, travelling the world and moving to Dubai all before the age of 22. I've since helped thousands of aspiring developers land their first software engineering role and assisted mid-level devs land jobs at companies like google.

Max landed his first developer job 3 weeks after going through my training.
Youssef was laid off and landed a new role in 2 months while working with me.
Jamario landing competing job offers before graduating college.

If you want to learn more you can click the first link and watch my free training on how we help developers who already know how to code get hired by top tech companies.
",CA,https://yt3.ggpht.com/ytc/AIdro_k15oXl74WcnpdL-uVBv6IHBgAfXEEnpUiS-IoEyV1auyY=s88-c-k-c0x00ffffff-no-rj,1860000,1641
kd5jREI-rGs,4 Crucial MISTAKES that are destroying your portfolio PART 4,"DevLaunch is my mentorship program where I personally help developers go beyond tutorials, build real-world projects, and actually land jobs. No fluff. Just real accountability, proven strategies, and hands-on guidance. Learn more here - https://training.devlaunch.us/tim

üéû Video Resources üéû

‚è≥ Timestamps ‚è≥

Hashtags",2025-08-22T16:01:20Z,tech with tim,27,en,en-CA,https://i.ytimg.com/vi/kd5jREI-rGs/default.jpg,https://i.ytimg.com/vi/kd5jREI-rGs/hqdefault.jpg,PT58S,16850,749,6,public,UC4JX40jDee_tINbkjycV4Sg,Tech With Tim,"I'm Tim, a self-taught developer & entrepreneur who brings you educational tech content without the fluff and noise. I went from a broke dropout working at McDonalds to making $100k+/month as a developer, travelling the world and moving to Dubai all before the age of 22. I've since helped thousands of aspiring developers land their first software engineering role and assisted mid-level devs land jobs at companies like google.

Max landed his first developer job 3 weeks after going through my training.
Youssef was laid off and landed a new role in 2 months while working with me.
Jamario landing competing job offers before graduating college.

If you want to learn more you can click the first link and watch my free training on how we help developers who already know how to code get hired by top tech companies.
",CA,https://yt3.ggpht.com/ytc/AIdro_k15oXl74WcnpdL-uVBv6IHBgAfXEEnpUiS-IoEyV1auyY=s88-c-k-c0x00ffffff-no-rj,1860000,1641
4jMkU2PymqY,4 Crucial MISTAKES that are destroying your portfolio PART 3,"DevLaunch is my mentorship program where I personally help developers go beyond tutorials, build real-world projects, and actually land jobs. No fluff. Just real accountability, proven strategies, and hands-on guidance. Learn more here - https://training.devlaunch.us/tim

üéû Video Resources üéû

‚è≥ Timestamps ‚è≥

Hashtags",2025-08-22T03:00:03Z,tech with tim,27,en,en-CA,https://i.ytimg.com/vi/4jMkU2PymqY/default.jpg,https://i.ytimg.com/vi/4jMkU2PymqY/hqdefault.jpg,PT1M10S,19713,1018,7,public,UC4JX40jDee_tINbkjycV4Sg,Tech With Tim,"I'm Tim, a self-taught developer & entrepreneur who brings you educational tech content without the fluff and noise. I went from a broke dropout working at McDonalds to making $100k+/month as a developer, travelling the world and moving to Dubai all before the age of 22. I've since helped thousands of aspiring developers land their first software engineering role and assisted mid-level devs land jobs at companies like google.

Max landed his first developer job 3 weeks after going through my training.
Youssef was laid off and landed a new role in 2 months while working with me.
Jamario landing competing job offers before graduating college.

If you want to learn more you can click the first link and watch my free training on how we help developers who already know how to code get hired by top tech companies.
",CA,https://yt3.ggpht.com/ytc/AIdro_k15oXl74WcnpdL-uVBv6IHBgAfXEEnpUiS-IoEyV1auyY=s88-c-k-c0x00ffffff-no-rj,1860000,1641
6tO9G9NXsnM,4 Crucial MISTAKES that are destroying your portfolio PART 2,"DevLaunch is my mentorship program where I personally help developers go beyond tutorials, build real-world projects, and actually land jobs. No fluff. Just real accountability, proven strategies, and hands-on guidance. Learn more here - https://training.devlaunch.us/tim

üéû Video Resources üéû

‚è≥ Timestamps ‚è≥

Hashtags",2025-08-21T23:27:59Z,tech with tim,27,en,en-CA,https://i.ytimg.com/vi/6tO9G9NXsnM/default.jpg,https://i.ytimg.com/vi/6tO9G9NXsnM/hqdefault.jpg,PT40S,21220,435,12,public,UC4JX40jDee_tINbkjycV4Sg,Tech With Tim,"I'm Tim, a self-taught developer & entrepreneur who brings you educational tech content without the fluff and noise. I went from a broke dropout working at McDonalds to making $100k+/month as a developer, travelling the world and moving to Dubai all before the age of 22. I've since helped thousands of aspiring developers land their first software engineering role and assisted mid-level devs land jobs at companies like google.

Max landed his first developer job 3 weeks after going through my training.
Youssef was laid off and landed a new role in 2 months while working with me.
Jamario landing competing job offers before graduating college.

If you want to learn more you can click the first link and watch my free training on how we help developers who already know how to code get hired by top tech companies.
",CA,https://yt3.ggpht.com/ytc/AIdro_k15oXl74WcnpdL-uVBv6IHBgAfXEEnpUiS-IoEyV1auyY=s88-c-k-c0x00ffffff-no-rj,1860000,1641
WoNmm4YS8e4,6 Hours of JavaScript Projects - From Beginner to Advanced,"Get started with Sevalla today - https://sevalla.com/?utm_source=techwithtim&utm_medium=Referral&utm_campaign=youtube

This video features over six hours of hands on JavaScript content. It's organized into 15 projects ranging from beginner to advanced, and you'll find the timestamps down below, along with all of the links to code and resources for the various projects.

DevLaunch is my mentorship program where I personally help developers go beyond tutorials, build real-world projects, and actually land jobs. No fluff. Just real accountability, proven strategies, and hands-on guidance. Learn more here - https://training.devlaunch.us/tim?video=WoNmm4YS8e4

üéû Video Resources üéû

General Downloads:¬†
NodeJS: https://nodejs.org/en/download/
VSCode: https://code.visualstudio.com/

Project #1:¬†
Code Download: https://github.com/techwithtim/MiniJavaScriptProjects/blob/main/script.js

Project #2:¬†
Code Download: https://github.com/techwithtim/MiniJavaScriptProjects/blob/main/script2.js

Project #3:¬†
Code Download: https://github.com/techwithtim/MiniJavaScriptProjects/blob/main/script3.js

Project #4:¬†
Code Download: https://github.com/techwithtim/MiniJavaScriptProjects/blob/main/script4.js

‚Äî

Project #5: Color Flipper
Code Download: https://github.com/techwithtim/5-Mini-JS-Projects-for-Beginners/tree/main/1

Project #6: Palindrome Checker
Code Download: https://github.com/techwithtim/5-Mini-JS-Projects-for-Beginners/tree/main/2

Project #7: Random Quote Generator
Code Download: https://github.com/techwithtim/5-Mini-JS-Projects-for-Beginners/tree/main/3

Project #8: Stop Watch
Code Download: https://github.com/techwithtim/5-Mini-JS-Projects-for-Beginners/tree/main/4

Project #9: Persistent ToDo List
Code Download: https://github.com/techwithtim/5-Mini-JS-Projects-for-Beginners/tree/main/5

‚Äî

Project #10: Choose Your Own Adventure Game
Code Download: https://github.com/techwithtim/LearnJsWith5Projects/blob/main/project1.js

Project #11: Terminal Calculator¬†
Code Download: https://github.com/techwithtim/LearnJsWith5Projects/blob/main/project2.js

Project #12: Contact List
Code Download: https://github.com/techwithtim/LearnJsWith5Projects/blob/main/project3.js

Project #13: Tic Tac Toe¬†
Code Download: https://github.com/techwithtim/LearnJsWith5Projects/blob/main/project4.js

Project #14: Advanced Quiz Game
Code Download: https://github.com/techwithtim/LearnJsWith5Projects/blob/main/project5.js

‚Äî

Project #15: JS Slot Machine
Code Download: https://github.com/techwithtim/JavaScript-Slot-Machine

‚è≥ Timestamps ‚è≥
00:00 | Intro
00:02:19 | Project #1 - Quiz Game
00:33:50 | Project #2 - Random Number Guesser
00:48:50 | Project #3 - Rock, Paper, Scissors
01:02:36 | Project #4 - Choose Your Own Adventure
01:10:04 | Project #5 - Color Flipper
01:38:02 | Project #6 - Palindrome Checker
01:53:17 | Project #7 - Random Quote Generator
02:09:58 | Project #8 - Stop Watch
02:26:38 | Project #9 - Persistent ToDo List
02:51:38 | Project #10 - Collecting User Input
03:40:16 | Project #11 - Text-Based Calculator
04:05:35 | Project #12 - Contact Managing App
04:36:12 | Project #13 - Tic-Tac-Toe or X's and O's
05:09:06 | Project #14 - Random Quiz Generator
05:37:09 | Project #15 - Slot Machine

Hashtags
#techwithtim #javascript #programming",2025-08-21T14:00:55Z,tech with tim|javascript|javascript projects tutorial|javascript project ideas|beginner to advanced javascript|web development projects|javascript api integration|real-world javascript projects|javascript coding for beginners|advanced javascript projects|javascript project walkthrough|college level javascript projects|javascript programming challenges|coding|computer science|software engineer|programming,27,en,en-CA,https://i.ytimg.com/vi/WoNmm4YS8e4/default.jpg,https://i.ytimg.com/vi/WoNmm4YS8e4/hqdefault.jpg,PT6H43M57S,18813,860,34,public,UC4JX40jDee_tINbkjycV4Sg,Tech With Tim,"I'm Tim, a self-taught developer & entrepreneur who brings you educational tech content without the fluff and noise. I went from a broke dropout working at McDonalds to making $100k+/month as a developer, travelling the world and moving to Dubai all before the age of 22. I've since helped thousands of aspiring developers land their first software engineering role and assisted mid-level devs land jobs at companies like google.

Max landed his first developer job 3 weeks after going through my training.
Youssef was laid off and landed a new role in 2 months while working with me.
Jamario landing competing job offers before graduating college.

If you want to learn more you can click the first link and watch my free training on how we help developers who already know how to code get hired by top tech companies.
",CA,https://yt3.ggpht.com/ytc/AIdro_k15oXl74WcnpdL-uVBv6IHBgAfXEEnpUiS-IoEyV1auyY=s88-c-k-c0x00ffffff-no-rj,1860000,1641
YLjopoEnPi8,Lovable FULL Tutorial - For COMPLETE Beginners (No Experience Needed),"Get started with Lovable today: http://lovable.dev/ and use the promo code: TECHTIM20YT (active until September 19, 2025)

In this video, I'll give you a complete tutorial on how to use Lovable. I'll assume that you're a complete beginner, like you're not an expert programmer and I'll walk you through everything step by step. You'll know all of the core features, you'll get comfortable using this tool to build some really cool applications.

DevLaunch is my mentorship program where I personally help developers go beyond tutorials, build real-world projects, and actually land jobs. No fluff. Just real accountability, proven strategies, and hands-on guidance. Learn more here - https://training.devlaunch.us/tim

üéû Video Resources üéû
21st.dev Animations: https://21st.dev/home
Lovable Prompting Guide: https://docs.lovable.dev/prompting/prompting-one
Git/GitHub Tutorial: https://www.youtube.com/watch?v=DVRQoVRzMIY&ab_channel=TechWithTim

‚è≥ Timestamps ‚è≥
00:00 | Overview
00:40 | What is Lovable
02:28 | Creating a Project
06:15 | Prompting Best Practices
07:00 | Understanding the Editor
11:20 | Visual Edits
12:16 | History and Reverting
15:22 | Meta Prompting
18:00 | Animations with 21st
20:43 | Adding Knowledge
23:10 | Git & Github Integration
26:40 | Connecting Supabase (Backend)
30:45 | Adding Backend Features
34:30 | Deployment

Hashtags
#Lovable #AI #SoftwareEngineer",2025-08-19T13:01:06Z,tech with tim|lovable|artificial intelligence|ai for beginners|artificial intelligence tutorial|no code ai|ai basics|how to learn ai|beginner ai guide|ai programming tutorial|ai tools for beginners|ai coding for beginners|simple ai tutorial|full stack|web applications|ai|meta prompting|git|github|version control|Supabase|backend|coding deployment,27,en,en-CA,https://i.ytimg.com/vi/YLjopoEnPi8/default.jpg,https://i.ytimg.com/vi/YLjopoEnPi8/hqdefault.jpg,PT36M14S,34719,969,62,public,UC4JX40jDee_tINbkjycV4Sg,Tech With Tim,"I'm Tim, a self-taught developer & entrepreneur who brings you educational tech content without the fluff and noise. I went from a broke dropout working at McDonalds to making $100k+/month as a developer, travelling the world and moving to Dubai all before the age of 22. I've since helped thousands of aspiring developers land their first software engineering role and assisted mid-level devs land jobs at companies like google.

Max landed his first developer job 3 weeks after going through my training.
Youssef was laid off and landed a new role in 2 months while working with me.
Jamario landing competing job offers before graduating college.

If you want to learn more you can click the first link and watch my free training on how we help developers who already know how to code get hired by top tech companies.
",CA,https://yt3.ggpht.com/ytc/AIdro_k15oXl74WcnpdL-uVBv6IHBgAfXEEnpUiS-IoEyV1auyY=s88-c-k-c0x00ffffff-no-rj,1860000,1641
aDdr_DKRo4M,How to ACE your coding interviews PART III,"DevLaunch is my mentorship program where I personally help developers go beyond tutorials, build real-world projects, and actually land jobs. No fluff. Just real accountability, proven strategies, and hands-on guidance. Learn more here - https://training.devlaunch.us/tim

üéû Video Resources üéû

‚è≥ Timestamps ‚è≥

Hashtags",2025-08-19T02:00:01Z,tech with tim,27,en,en-CA,https://i.ytimg.com/vi/aDdr_DKRo4M/default.jpg,https://i.ytimg.com/vi/aDdr_DKRo4M/hqdefault.jpg,PT1M1S,3479,177,4,public,UC4JX40jDee_tINbkjycV4Sg,Tech With Tim,"I'm Tim, a self-taught developer & entrepreneur who brings you educational tech content without the fluff and noise. I went from a broke dropout working at McDonalds to making $100k+/month as a developer, travelling the world and moving to Dubai all before the age of 22. I've since helped thousands of aspiring developers land their first software engineering role and assisted mid-level devs land jobs at companies like google.

Max landed his first developer job 3 weeks after going through my training.
Youssef was laid off and landed a new role in 2 months while working with me.
Jamario landing competing job offers before graduating college.

If you want to learn more you can click the first link and watch my free training on how we help developers who already know how to code get hired by top tech companies.
",CA,https://yt3.ggpht.com/ytc/AIdro_k15oXl74WcnpdL-uVBv6IHBgAfXEEnpUiS-IoEyV1auyY=s88-c-k-c0x00ffffff-no-rj,1860000,1641
cO7fTLTSHoo,How to ACE your coding interviews PART II,"DevLaunch is my mentorship program where I personally help developers go beyond tutorials, build real-world projects, and actually land jobs. No fluff. Just real accountability, proven strategies, and hands-on guidance. Learn more here - https://training.devlaunch.us/tim

üéû Video Resources üéû

‚è≥ Timestamps ‚è≥

Hashtags",2025-08-18T03:54:21Z,tech with tim,27,en,en-CA,https://i.ytimg.com/vi/cO7fTLTSHoo/default.jpg,https://i.ytimg.com/vi/cO7fTLTSHoo/hqdefault.jpg,PT48S,26006,713,9,public,UC4JX40jDee_tINbkjycV4Sg,Tech With Tim,"I'm Tim, a self-taught developer & entrepreneur who brings you educational tech content without the fluff and noise. I went from a broke dropout working at McDonalds to making $100k+/month as a developer, travelling the world and moving to Dubai all before the age of 22. I've since helped thousands of aspiring developers land their first software engineering role and assisted mid-level devs land jobs at companies like google.

Max landed his first developer job 3 weeks after going through my training.
Youssef was laid off and landed a new role in 2 months while working with me.
Jamario landing competing job offers before graduating college.

If you want to learn more you can click the first link and watch my free training on how we help developers who already know how to code get hired by top tech companies.
",CA,https://yt3.ggpht.com/ytc/AIdro_k15oXl74WcnpdL-uVBv6IHBgAfXEEnpUiS-IoEyV1auyY=s88-c-k-c0x00ffffff-no-rj,1860000,1641
